token,track,obj_group,obj_dist,obj_speed,obj_moving,vis,gt_idx,obj_bearing_deg,tier_own,obj_yf,obj_xr,e2.matched_agn@2,e2.matched_agn@1,inter.matched_agn@2,teacher.matched_agn@2,teacher.matched_agn@1,e2.err_vel,inter.err_vel,teacher.err_vel,e2.err_pos,e2.nn_dist,teacher.nn_dist,e2.max_score_2m,has_e2,in_gt,T_fix,M_fix,S_fix,S_cause_same,dT_S,dM_S,log,cat
000d6961709c5904,145038333dc551ef,vehicle,28.84038246915519,0.838557207143405,True,in_gt,1,2.31866660478767,T1,28.816769907858124,1.166804630054454,True,True,True,True,True,2.8950202,0.881906,0.49190915,0.45944154,0.45944154,0.099857174,0.6704529,True,True,True,False,False,True,58.333333333333336,0.0,2021.09.29.18.19.40_veh-28_01268_01685,E2+BEVF
024d89a3e1e752dc,2c560411d895518b,vehicle,34.24500667546248,0.0,False,far,-1,3.798808826220475,T0,34.16976511879402,2.268839775946569,,,,,,,,,,,,,True,False,False,True,True,,0.0,0.0,2021.09.29.18.19.40_veh-28_01268_01685,not_in_GT(far)
04f548a98d695310,a0e796ca904051e6,vehicle,14.549660302867181,6.917085168473611,True,in_gt,0,2.1756843855366474,T0,14.53917171074476,0.5523593887211308,True,True,True,True,True,0.3891903,0.43035138,0.2771384,0.18722473,0.18722475,0.038188964,0.9265002,True,True,False,False,False,True,0.0,0.0,2021.06.28.16.29.11_veh-38_00022_00368,E2+BEVF
04fbbb5817255f30,bb019a036b0c50b9,vehicle,16.556308685827638,3.503286500663137e-05,False,in_gt,16,43.703694517912666,T0,11.968929643268494,11.43923426173712,True,True,True,True,True,0.042752594,0.54290247,3.456575e-05,0.23394673,0.23394673,0.0493624,0.891262,True,True,False,False,False,True,0.0,0.0,2021.09.16.19.27.01_veh-45_01749_03230,E2+BEVF
059ce9cd10135396,85fc59768c035e1d,vehicle,20.67960153459016,0.0,False,in_gt,0,2.540542885713003,T2,20.6592756802214,0.9166504230273862,False,False,False,True,True,,,5.9604645e-07,,3.5505188,0.12751208,0.0,True,True,True,False,False,True,58.333333333333336,0.0,2021.09.16.15.12.03_veh-42_01037_01434,BEVF_only
06836a56443a572c,9153d528f1eb5634,static,34.02350270316269,0.0,False,new,-1,-1.1344660651303957,T0,34.01683352081698,-0.6736270549355492,,,,,,,,,,,,,True,False,False,True,False,True,0.0,70.83333333333333,2021.09.09.18.04.06_veh-40_00743_01071,not_in_GT(new)
0695553567185c3c,ba1bf00024785184,VRU,27.39172843262284,0.07063332288355469,True,new,-1,4.251051864785177,T1,27.316368978002984,2.0304611259895413,,,,,,,,,,,,,True,False,False,False,False,True,0.0,0.0,2021.09.29.19.02.14_veh-28_00964_01689,not_in_GT(new)
07c46d77aba054ec,13b7ac2541e75b0d,vehicle,12.288333234159042,0.0,False,in_gt,0,-24.585556769584937,T0,11.17428544063975,-5.112580421357119,True,True,True,True,True,0.042691972,0.014569181,5.9604645e-07,0.47362015,0.47362015,0.010620735,0.6802365,True,True,True,False,True,,0.0,-100.0,2021.10.06.08.16.17_veh-52_01430_01579,E2+BEVF
09027c0129cd568b,9d0b14004c5956c2,vehicle,18.545815312724233,0.0,False,in_gt,0,-2.51515714176707,T1,18.527949154488564,-0.8138585518154873,True,False,True,True,True,0.16287617,1.7690482,5.9604645e-07,1.5255373,1.5255373,0.062268168,0.7884887,True,True,True,False,False,True,58.333333333333336,0.0,2021.09.29.14.44.26_veh-28_01509_01628,E2+BEVF
0aee34efc8445718,91f5e61ef76450eb,vehicle,17.79953741544482,6.4441267326087965,True,in_gt,1,0.4038065696748346,T0,17.799095358295897,0.1254457257524475,True,True,True,True,True,0.14978784,0.2118887,0.29091656,0.23174597,0.23174597,0.059202284,0.9665599,True,True,False,False,False,True,0.0,0.0,2021.06.03.13.55.17_veh-35_02866_03582,E2+BEVF
0d74b112df715917,67740b7f8a4f505f,vehicle,20.427633068483686,0.0,False,in_gt,1,-41.26514200931484,T1,15.35474765109093,-13.472932767290342,True,True,True,True,True,0.092867434,0.10100423,5.9604645e-07,0.3612729,0.3612729,0.48042557,0.87011415,True,True,False,False,False,True,0.0,0.0,2021.09.16.13.53.10_veh-42_00860_01069,E2+BEVF
0dfdaa7ed7445e7c,325b42e8d7725ccc,vehicle,30.673768202520968,0.0,False,in_gt,6,-7.728325149181505,T0,30.39515346599062,-4.124888061616318,False,False,False,True,True,,,5.9604645e-07,,2.1538246,0.1917916,0.20217729,True,True,False,False,False,True,0.0,0.0,2021.08.30.13.45.25_veh-40_00878_01104,BEVF_only
10909749099354e6,b50a2da64acf5332,vehicle,11.197613536967745,0.0,True,in_gt,0,-25.06925270571653,T1,10.142757040833088,-4.744578857381773,True,True,True,True,True,0.02559633,0.039863974,5.9604645e-07,0.46030107,0.46030107,0.05688844,0.9431555,True,True,False,False,False,True,0.0,0.0,2021.09.16.19.27.01_veh-45_01749_03230,E2+BEVF
10b9d1b254f35a74,25d2a3e908035434,vehicle,25.352555648329176,0.0,False,in_gt,1,5.400784503699659,T0,25.24000743862733,2.386231841138793,True,True,True,True,True,2.1567757,1.6468745,5.9604645e-07,0.5498262,0.5498262,0.031713378,0.86308616,True,True,True,False,False,True,89.32204895808088,0.0,2021.08.30.13.45.25_veh-40_00878_01104,E2+BEVF
10db4b6fe64b5c10,feb266c6207e51ca,vehicle,15.76675764752958,0.0,False,in_gt,0,-32.68636186831662,T0,13.269923684424137,-8.514679801700815,True,False,True,True,True,1.1294831,0.8840795,5.9604645e-07,1.0462366,1.0462366,0.012076524,0.49464807,True,True,False,False,False,True,0.0,0.0,2021.09.09.18.04.06_veh-40_00555_00731,E2+BEVF
11482e143a4e5dec,d1d4a2185da858d6,vehicle,11.683412104118498,3.0304132482001767,True,in_gt,1,-10.259148925691795,T0,11.496620880824889,-2.0808235670627604,True,True,True,True,True,0.8973092,0.69484735,0.56356245,0.38783205,0.38783205,0.04224556,0.6869098,True,True,False,False,False,True,0.0,0.0,2021.06.28.21.16.05_veh-14_00957_01198,E2+BEVF
13b137cecf4b57e9,8843c8f4468a5b9f,vehicle,18.79095185618665,1.6156765318625728,True,in_gt,0,2.1830519382584406,T1,18.77731390549189,0.7157891841494681,True,False,True,True,True,0.113332,1.6474332,0.51163465,1.1169723,1.1169723,0.052821595,0.9549715,True,True,False,False,False,True,0.0,0.0,2021.09.29.19.02.14_veh-28_00964_01689,E2+BEVF
148188e5281e53cd,04f4f17b0d865512,vehicle,19.23065329040333,0.0,False,in_gt,0,0.46836677286382766,T1,19.23001076764632,0.15720003787200376,True,True,True,True,True,2.575306,3.3495138,5.9604645e-07,0.6417529,0.6417529,0.012934525,0.94047606,True,True,True,False,False,True,96.13317429687567,0.0,2021.09.16.19.27.01_veh-45_01749_03230,E2+BEVF
14b6e7ce317d531f,5344f27c377c57b2,vehicle,25.9639138933777,1.9753842716406413,True,in_gt,0,-8.269653920100739,T1,25.693943893582066,-3.7344439821998243,True,True,True,True,True,0.6612723,1.0848824,0.2630299,0.968085,0.968085,0.040163778,0.9439507,True,True,False,False,False,True,0.0,0.0,2021.08.30.14.54.34_veh-40_00439_00835,E2+BEVF
14cb24f3f9fc51c8,31fc257c8d665120,vehicle,9.362452815099886,2.3750993038230227e-05,False,in_gt,0,-1.242546681905433,T2,9.36025129432344,-0.2030232057872432,True,True,True,True,True,0.009798666,0.06630097,0.34683427,0.055953264,0.055953264,0.054838624,0.96305525,True,True,False,False,False,True,0.0,0.0,2021.08.30.13.45.25_veh-40_00878_01104,E2+BEVF
1508ee5a37ef5588,88ba661cafad5d92,vehicle,30.785700657361588,0.0,False,in_gt,5,24.488028217345637,T1,28.016462231141663,12.760768355224009,False,False,True,True,True,,0.22915354,5.9604645e-07,,3.3841891,0.070043005,0.29941675,True,True,False,False,False,True,0.0,0.0,2021.09.16.19.49.00_veh-42_00990_01609,BEVF_only
159b8a11bd775e91,091c0ee77bc55cd6,vehicle,10.647578268573346,0.0,False,in_gt,0,-13.882702222432446,T1,10.336551465243675,-2.5547263633830144,True,True,True,True,True,0.014339554,0.009998229,5.9604645e-07,0.06479858,0.06479857,0.018381882,0.77081394,True,True,False,False,False,True,0.0,0.0,2021.09.29.18.19.40_veh-28_00438_00833,E2+BEVF
177b58cd935356f2,85fc59768c035e1d,vehicle,23.667415780859493,0.0,False,in_gt,0,3.058941680709225,T2,23.633693665136484,1.262970105174551,False,False,True,True,True,,2.252855,5.9604645e-07,,3.4780874,0.09100449,0.0,True,True,False,False,False,True,0.0,0.0,2021.09.16.15.12.03_veh-42_01037_01434,BEVF_only
1975d15fde2955ff,a4c6f8a68ee553f5,vehicle,48.2763378897649,10.412160907661733,True,side,-1,-69.34180070922257,T2,17.031519662617796,-45.17224964542516,,,,,,,,,,,,,True,False,False,False,False,True,0.0,0.0,2021.09.09.17.18.51_veh-48_01462_01552,not_in_GT(side)
1979ed31b57b59ea,b1cb9a2761d15bf0,vehicle,14.93750319147499,1.2114507647177466,True,in_gt,0,8.086100193132832,T1,14.788991709389773,2.101124892748185,True,True,True,True,True,1.2016764,0.34802902,0.05540414,0.23246354,0.23246352,0.09690982,0.9540772,True,True,False,False,False,True,0.0,0.0,2021.06.03.13.55.17_veh-35_02866_03582,E2+BEVF
19a79abcf14059d2,64c04f9377795776,vehicle,50.8964656165612,7.001850623028238,True,far,-1,-1.1647097082616935,T2,50.88595004701398,-1.034553077707944,,,,,,,,,,,,,True,False,False,False,False,True,0.0,0.0,2021.09.09.18.04.06_veh-40_00555_00731,not_in_GT(far)
1a0605b15ce0596b,c8878a49fbba5c70,VRU,9.301173991918146,1.5017341151985086,True,in_gt,9,-24.384845048250003,T1,8.471443202271569,-3.84011558401845,False,False,True,True,True,,1.5000095,0.25029624,,8.863217,0.03395909,0.28513288,True,True,False,False,False,True,0.0,0.0,2021.10.06.07.26.10_veh-52_01245_02064,BEVF_only
1a46cad936c05c2b,a6431418d1e65858,vehicle,27.834413364351107,0.0,False,in_gt,3,5.627880840113971,T0,27.700245844282087,2.729642376557875,True,True,True,True,True,0.0045309546,0.16716799,5.9604645e-07,0.6039796,0.6039795,0.09665899,0.43289727,True,True,False,False,False,True,0.0,0.0,2021.09.29.15.23.04_veh-28_00601_00802,E2+BEVF
1b1a37c517e45fbd,fe80dd284bcc590c,vehicle,14.397141766886298,2.3636468155398096,True,in_gt,0,-4.684957137943012,T1,14.349038975744273,-1.1759130615796543,True,True,True,True,True,1.5162065,1.7060996,0.11186403,0.58757555,0.58757555,0.051762596,0.8110682,True,True,False,False,False,True,0.0,0.0,2021.09.16.19.49.00_veh-42_00990_01609,E2+BEVF
1b4499d988b052ce,fe80dd284bcc590c,vehicle,27.733993122826796,3.465525294785799,True,in_gt,0,-7.7232171392731574,T2,27.48241321982878,-3.7271085510868103,True,True,True,True,True,0.931605,3.458563,0.13973106,0.12044133,0.12044133,0.041649472,0.54877365,True,True,False,False,False,True,0.0,0.0,2021.09.16.19.49.00_veh-42_00990_01609,E2+BEVF
1b5521472b795718,266204a7f94e50a1,vehicle,21.1646615542531,0.0,False,in_gt,5,16.401470033837104,T1,20.303402271593942,5.976182301763657,True,False,False,True,True,0.0075782626,,5.9604645e-07,1.4223293,1.4223293,0.00863909,0.7189723,True,True,False,False,False,True,0.0,0.0,2021.09.09.14.18.22_veh-48_01503_01761,E2+BEVF
1c078ca2e3625bb0,9744396e7fb35fa4,vehicle,40.66148475839038,0.0,False,far,-1,1.5965504770106784,T1,40.64569973684895,1.1328881933935513,,,,,,,,,,,,,True,False,False,False,False,True,0.0,0.0,2021.09.09.18.29.25_veh-39_00569_00903,not_in_GT(far)
1e4df42d4cea5416,27ed3cdbe0bf5e5e,vehicle,49.8297052644703,9.937176620618134,True,far,-1,5.919270127918796,T2,49.56402269059898,5.138791829775565,,,,,,,,,,,,,True,False,False,False,False,True,0.0,0.0,2021.09.16.19.27.01_veh-45_01749_03230,not_in_GT(far)
1f2bbc5cb66b523a,6ebfbe4527255363,vehicle,27.942023486999304,4.898762376083266,True,in_gt,1,5.435150874416269,T1,27.816397321381118,2.64664251592127,True,False,True,True,True,1.1411253,3.5677822,0.18280779,1.291218,1.2912182,0.018377922,0.93935657,True,True,False,False,False,True,0.0,0.0,2021.06.28.20.24.43_veh-38_03385_04952,E2+BEVF
1f5144778210505c,45910e05652d5fce,vehicle,14.015884401445495,3.9393796192863575,True,in_gt,0,-0.20557601769843126,T0,14.01579418417607,-0.05028858219724874,True,True,True,True,True,0.2044596,0.5298161,0.6239339,0.5090589,0.5090589,0.10967178,0.94140714,True,True,False,False,False,True,0.0,0.0,2021.09.29.18.19.40_veh-28_00844_01218,E2+BEVF
1fc2b1630a0e5c53,582ddbfc05ed595a,static,41.492271069549105,0.0,False,far,-1,-5.8395687528485585,T1,41.27695446389393,-4.221562352325069,,,,,,,,,,,,,True,False,False,False,False,True,0.00485353874832839,0.00018313892017340905,2021.09.09.18.29.25_veh-39_00969_01184,not_in_GT(far)
1ff00d6929bb5569,56b7bb1b38875710,vehicle,16.776046161861874,1.1512150944943556,True,in_gt,0,10.80290752620035,T0,16.478736720569604,3.144353815821529,True,True,True,True,True,0.7092951,0.6611703,0.34885845,1.0303727,0.7218459,0.10051751,0.7328109,True,True,True,False,False,True,42.07151561367273,0.0,2021.09.29.19.02.14_veh-28_00964_01689,E2+BEVF
206322cf0cf45186,05e67f36e57753e2,vehicle,19.211689974482002,1.013472078740607,True,in_gt,0,-2.6412319158678965,T1,19.191280751388973,-0.8853105652703608,True,True,True,True,True,0.98446316,0.8246498,0.15076992,0.14308809,0.14308809,0.011588125,0.61442167,True,True,False,False,False,True,0.0,0.0,2021.09.09.18.04.06_veh-40_00555_00731,E2+BEVF
20ffc5c3de7c591a,fcbd5f8add3f5723,static,16.503643409316588,0.0,False,in_gt,5,-3.7575060106954927,T0,16.468166295573276,-1.0815473374860876,False,False,False,True,True,,,0.0015915565,,3.4993181,0.041023977,0.0,True,True,True,True,True,,-0.0009224908329663606,-0.014736931348502402,2021.09.09.14.18.22_veh-48_01298_01492,BEVF_only
2488018e08b35c68,5a5846bed72b5061,vehicle,20.833151344349726,0.0,False,in_gt,3,9.14377920453435,T1,20.56841764281276,3.3106480645652354,True,False,False,True,True,0.011157741,,5.9604645e-07,1.2303745,1.2303745,0.053594638,0.45439792,True,True,False,False,False,False,0.0,0.0,2021.09.09.14.18.22_veh-48_00322_00895,E2+BEVF
26e5d2127cf9563d,b79467957bc3511e,vehicle,24.743639292728993,0.0,False,in_gt,0,6.084210704913873,T1,24.604263076808977,2.6225796262185472,True,True,True,True,True,0.026191747,0.019879172,5.9604645e-07,0.87072456,0.87072456,0.033265613,0.9157217,True,True,True,False,False,True,58.333333333333336,0.0,2021.09.29.14.44.26_veh-28_00528_00992,E2+BEVF
2833a305300f5394,fe80dd284bcc590c,vehicle,17.051462530276545,2.597148874142893,True,in_gt,0,-6.616435253076143,T0,16.937895613809726,-1.964705218884054,True,False,True,True,True,1.6822172,1.6026837,0.22345573,1.4168981,1.4168981,0.043391787,0.74510276,True,True,False,False,False,True,0.0,0.0,2021.09.16.19.49.00_veh-42_00990_01609,E2+BEVF
2882be3ae16b50e3,d1d4a2185da858d6,vehicle,12.052305622449195,2.5825385903331184,True,in_gt,1,-6.191157903529997,T0,11.982011984055363,-1.2997921491046678,True,True,True,True,True,1.0171311,0.5768899,0.3925421,0.39211616,0.39211616,0.03229586,0.8543011,True,True,False,False,False,True,0.0,0.0,2021.06.28.21.16.05_veh-14_00957_01198,E2+BEVF
2aade0b3987d5366,4d01fe5fdc745fd5,static,19.763625480332728,0.0,False,in_gt,12,-7.682268316995117,T1,19.586239387998116,-2.6419914388370334,True,True,True,False,False,0.01333766,0.010413295,,0.67296314,0.52786034,0.38195047,0.9171305,True,True,True,True,True,,0.0,0.0,2021.05.25.15.59.03_veh-30_03499_03671,E2_only
2b482f615de15efb,97200d6aaacc5db8,vehicle,8.828855030224066,3.0822551455495213,True,in_gt,0,-11.458523512534445,T1,8.652885094856911,-1.753927216253821,False,False,False,True,True,,,1.1280924,,2.3772402,0.6696423,0.2097574,True,True,False,False,False,True,0.0,0.0,2021.09.16.19.49.00_veh-42_00990_01609,BEVF_only
2b9bb7ffb9cf5da8,3ff3cc8f10195010,vehicle,14.714455570645873,5.4049894312468245,True,in_gt,4,-2.0422987463717557,T0,14.705108801943453,-0.5243833173514922,True,True,True,True,True,0.50010663,0.8787001,0.16019948,0.11022726,0.11022726,0.14991409,0.95443726,True,True,False,False,False,True,0.0,0.0,2021.06.28.16.29.11_veh-38_03263_03766,E2+BEVF
2c67391395c65d6a,9c67db51639155b7,vehicle,23.537802734651493,2.776351824359621,True,in_gt,0,1.0395314903746262,T0,23.53392878435155,0.42702874427491366,True,True,True,True,True,4.061585,3.0253778,0.13866976,0.66381097,0.66381097,0.023125544,0.961937,True,True,False,False,False,True,0.0,0.0,2021.05.25.14.16.10_veh-35_00083_00485,E2+BEVF
2c8a58b94332570d,5edec52538335b39,static,12.812304945267282,0.0,False,roi_no_ann,-1,-44.32975109750565,T1,9.165025864347237,-8.953069804059758,,,,,,,,,,,,,True,False,True,True,True,,0.0,41.666666666666664,2021.10.06.07.26.10_veh-52_01245_02064,not_in_GT(roi_no_ann)
2e586c7da7c55eb3,13b7ac2541e75b0d,vehicle,17.838231666409577,0.0,False,in_gt,0,-30.922117249008288,T1,15.302823242644092,-9.166575685003053,True,True,True,True,True,0.013986466,0.47487718,5.9604645e-07,0.9058013,0.9058013,0.054040164,0.6172816,True,True,False,False,False,True,0.0,0.0,2021.10.06.08.16.17_veh-52_01430_01579,E2+BEVF
2ee34c8975525f5c,b79467957bc3511e,vehicle,19.224629877828896,8.077090090554181,True,in_gt,0,3.4106136404140432,T0,19.190579688386013,1.1436980209905254,True,False,True,True,True,0.9197541,1.2840344,0.5823389,1.095049,1.095049,0.062974535,0.95745754,True,True,False,False,False,True,0.0,0.0,2021.09.29.14.44.26_veh-28_00528_00992,E2+BEVF
2f6b9bbb16cb59ba,2aa764fbd6295cef,static,29.000952526759836,0.0,False,in_gt,0,-0.7154944839083627,T0,28.998691300928794,-0.3621467835207808,True,True,True,True,True,0.004969478,0.0026852957,0.0036227952,0.07163794,0.071637936,0.04093308,0.40001374,True,True,True,False,False,False,56.19482926355924,0.0,2021.06.03.17.06.58_veh-35_02943_03220,E2+BEVF
30d5d8dfd52451a9,31fc257c8d665120,vehicle,19.41265687077574,1.1007850574725984,True,in_gt,0,0.4947627090015078,T1,19.411933100177787,0.16763083456978656,True,True,True,True,True,0.04697228,1.5510606,0.25391346,0.10849575,0.10849575,0.1093309,0.9712909,True,True,False,False,False,True,0.0,0.0,2021.08.30.13.45.25_veh-40_00878_01104,E2+BEVF
310fcecd57a95e06,f7ab15e4bccc587b,vehicle,13.839510392545034,4.747559810959578,True,in_gt,0,-0.13077161978417892,T0,13.839474345283016,-0.03158720651178104,True,True,True,True,True,0.49612433,0.2994595,0.052423522,0.36462548,0.36462548,0.024037989,0.9585405,True,True,True,False,True,,41.666666666666664,-58.333333333333336,2021.09.29.19.02.14_veh-28_00540_00917,E2+BEVF
3296651e2cf0547d,0f3053126bd15363,vehicle,12.93551312696788,2.1884083103943214e-05,False,in_gt,3,-35.36161905873029,T1,10.549113500476384,-7.486234314528582,True,True,True,True,True,0.055160005,0.071029894,2.2368176e-05,0.600509,0.600509,0.25111794,0.43185806,True,True,True,False,False,True,34.378878178760104,0.0,2021.10.06.07.26.10_veh-52_00006_00398,E2+BEVF
3420dd4340635018,f01e5490f0cf5cfa,vehicle,14.056023103904245,0.0,False,in_gt,4,21.237566030304016,T0,13.101429397942,5.091594369962224,True,False,True,True,True,0.0581456,0.0053279763,5.9604645e-07,1.3259174,1.3259174,0.05828947,0.5474526,True,True,False,False,False,True,0.0,0.0,2021.08.30.14.54.34_veh-40_00439_00835,E2+BEVF
35f226ec4cac52fc,9c67db51639155b7,vehicle,17.77036713279448,0.9316654700431118,True,in_gt,0,0.933678690138039,T1,17.768007706458288,0.289568951272714,True,True,True,True,True,1.6621358,1.8286167,0.003164339,0.2315423,0.23154229,0.02980284,0.97236925,True,True,False,False,False,True,0.0,0.0,2021.05.25.14.16.10_veh-35_00083_00485,E2+BEVF
3651c6423caa5145,b79467957bc3511e,vehicle,17.235578046534453,3.0940143679843923,True,in_gt,0,0.9689053194019788,T1,17.233113693497945,0.2914498673082919,True,True,True,True,True,0.8383156,1.4731674,0.64286494,0.7108126,0.7108126,0.45920184,0.9595453,True,True,False,False,False,True,0.0,0.0,2021.09.29.14.44.26_veh-28_00528_00992,E2+BEVF
36c9f5ba92385cee,ec57a5162cd45075,vehicle,78.48521233921711,9.533910962030907,True,new,-1,-2.757841763244151,T2,78.3943116000356,-3.776303045111959,,,,,,,,,,,,,True,False,False,False,False,True,0.0,0.0,2021.09.29.19.02.14_veh-28_02451_02708,not_in_GT(new)
37c816fee82753e3,dd7d39284a405aca,vehicle,8.924593825290337,0.0,False,in_gt,0,-5.419392584558076,T1,8.884701384066132,-0.8428856757495558,True,True,True,True,True,0.021157844,0.010543399,5.9604645e-07,0.9158514,0.91585135,0.025503049,0.53893745,True,True,True,False,False,True,100.0,0.0,2021.09.16.15.47.30_veh-45_01199_01391,E2+BEVF
37c8a00c76905ffe,0a36d204ea435f4a,static,8.705736399666083,0.0,False,new,-1,-2.3556301691304657,T1,8.698379695493255,-0.35782248881485534,,,,,,,,,,,,,True,False,False,False,False,True,0.0,0.0,2021.10.06.07.26.10_veh-52_01245_02064,not_in_GT(new)
384def2e3f9657f6,f0e6b9547eb059b4,vehicle,29.550994111921458,3.1169281145829237,True,in_gt,0,3.1390370890522816,T0,29.506655601754503,1.6181867019186669,True,True,True,True,True,2.9200678,2.287679,0.045400802,0.36921212,0.36921212,0.23184003,0.30520496,True,True,True,False,False,True,58.24314273670457,0.0,2021.09.29.14.44.26_veh-28_00528_00992,E2+BEVF
38b4ff11393c5dec,091c0ee77bc55cd6,vehicle,11.678806220992946,0.0,False,in_gt,0,-12.161242652661869,T1,11.416717691489541,-2.4602991485454044,True,True,True,True,True,0.38380957,0.08695345,5.9604645e-07,0.26418942,0.26418942,0.011809334,0.95186985,True,True,False,False,False,True,0.0,0.0,2021.09.29.18.19.40_veh-28_00438_00833,E2+BEVF
38d08753fa4651c2,3a74449fd0b35ac3,vehicle,26.094028975630177,0.0,True,in_gt,0,-1.1590537172474098,T0,26.088689996813457,-0.5278280318368243,True,False,True,True,True,0.0061301533,0.0353393,5.9604645e-07,1.5969591,1.5969591,0.17068915,0.79543453,True,True,True,False,False,True,100.0,0.0,2021.09.16.19.27.01_veh-45_01749_03230,E2+BEVF
3921f38b62d55f1a,aa115a4c04445496,vehicle,20.98132197430912,0.4523857175196079,False,in_gt,0,0.8087992483193018,T1,20.979231562480944,0.29616690806071305,True,True,True,True,True,1.3483055,1.6799904,0.49394813,0.09895034,0.09895035,0.065659076,0.96590304,True,True,False,False,False,True,0.0,0.0,2021.06.28.16.29.11_veh-38_03263_03766,E2+BEVF
39cbed62434a528b,2ebfa7d8cfcc5f58,vehicle,9.5538011799091,0.0,False,in_gt,2,4.369818865372428,T1,9.5260285323307,0.727940510243732,True,True,True,True,True,0.009975452,0.036476135,5.9604645e-07,0.22702153,0.22702153,0.10843014,0.8730864,True,True,True,False,False,True,100.0,0.0,2021.09.16.13.53.10_veh-42_00630_00818,E2+BEVF
3a2616c871335ef4,df749ab056bd5d4e,VRU,28.427474820238956,1.4554806359183303,True,in_gt,5,8.081506821886599,T2,28.14516396686806,3.996382105533888,False,False,False,True,True,,,0.2388976,,6.7626853,0.02948521,0.22797202,True,True,False,False,False,True,0.0,0.0,2021.08.30.13.45.25_veh-40_01116_01336,BEVF_only
3b8cbe3ce6465e62,9744396e7fb35fa4,vehicle,31.57816763633062,0.0,False,in_gt,2,3.3281810712951927,T0,31.52490735713003,1.833272318169728,True,False,False,True,True,0.043826945,,5.9604645e-07,1.4377006,1.4377006,0.040622804,0.35802507,True,True,True,False,False,True,58.333333333333336,0.0,2021.09.09.18.29.25_veh-39_00569_00903,E2+BEVF
3cfa3f1b82885efa,091c0ee77bc55cd6,vehicle,17.32087654426559,3.644278263580688,True,in_gt,3,-0.8361833170884535,T0,17.31903199654859,-0.25277453237250036,True,True,True,True,True,0.07751315,0.21080962,0.63728017,0.19851923,0.19851923,0.024386441,0.9616518,True,True,False,False,False,True,0.0,0.0,2021.09.29.18.19.40_veh-28_00438_00833,E2+BEVF
3e09a3c33726545c,bd20237b782855bf,vehicle,10.968785105798318,0.0,False,in_gt,0,-5.773763633671374,T0,10.913139135137747,-1.1034676770562664,True,True,True,True,True,0.0011207925,0.08132933,5.9604645e-07,0.35515684,0.35515684,0.02715703,0.9533263,True,True,False,False,False,True,0.0,0.0,2021.08.30.14.54.34_veh-40_00439_00835,E2+BEVF
3f655357375b5f03,a0e796ca904051e6,vehicle,14.709258349032025,7.860681314394239,True,in_gt,0,3.0470216563819243,T0,14.688463094528162,0.7818779311711832,True,True,True,True,True,1.3569344,1.1983219,0.1810633,0.24645017,0.24645017,0.0062321564,0.58478546,True,True,False,False,False,True,0.0,0.0,2021.06.28.16.29.11_veh-38_00022_00368,E2+BEVF
42d1bc19fbc35965,e98ed44cf97a5c56,vehicle,18.00512253081766,4.1789668986805655,True,in_gt,1,0.017950582251803463,T0,18.00512164717251,0.005640946513034706,True,True,True,True,True,1.3974811,1.6791208,0.39869082,0.5194474,0.5194474,0.052070368,0.95837396,True,True,False,False,False,True,0.0,0.0,2021.06.03.13.55.17_veh-35_02866_03582,E2+BEVF
45c4158a235e514a,fe80dd284bcc590c,vehicle,20.29734206654412,2.8323397196533913,True,in_gt,0,-7.564791954453342,T1,20.120686670126894,-2.6720896109373955,False,False,False,True,True,,,0.13504073,,2.5040293,0.05365687,0.0,True,True,False,False,False,True,0.0,0.0,2021.09.16.19.49.00_veh-42_00990_01609,BEVF_only
466b634cd806541b,fa424b2b36115f9a,vehicle,8.84202516983718,0.0,False,in_gt,3,-0.6510062768493534,T1,8.841454424770896,-0.10046272310342097,True,False,True,True,True,0.015172824,0.55395263,5.9604645e-07,1.8042631,1.3088819,0.17188336,0.40997827,True,True,True,True,True,,41.666666666666664,41.666666666666664,2021.09.09.14.18.22_veh-48_00322_00895,E2+BEVF
46e5a6cf37de5493,d1d4a2185da858d6,vehicle,11.849160475539904,1.7487366679501404,True,in_gt,1,-3.351177435897028,T1,11.828898426857556,-0.6926514146263281,True,True,True,True,True,0.7022621,1.249216,0.5844657,0.4932367,0.4932367,0.10369153,0.94450617,True,True,False,False,False,True,0.0,0.0,2021.06.28.21.16.05_veh-14_00957_01198,E2+BEVF
495a149c042a5636,fb7a3fe0db425a3a,vehicle,19.34983367212706,6.838675707408353,True,in_gt,0,-4.078573638135345,T0,19.300829258802487,-1.3762460032770152,True,True,True,True,True,0.7739374,2.1652622,0.46211797,0.15537806,0.15537806,0.0962431,0.8680701,True,True,False,False,False,True,0.0,0.0,2021.06.03.17.06.58_veh-35_02571_02742,E2+BEVF
49ee466685265a80,d9a1fb2452915386,vehicle,28.971043839307935,0.0,False,in_gt,3,5.399031308503772,T0,28.8425154122652,2.725928434927562,False,False,False,False,False,,,,,21.621082,11.506258,0.09511462,True,True,True,True,False,True,0.0,0.0,2021.09.29.14.44.26_veh-28_01331_01485,neither
49f205ebb9d559c2,070bfa83255353bb,static,13.207638074736185,0.0,False,new,-1,-2.982437960853499,T1,13.189748720170964,-0.687191539506534,,,,,,,,,,,,,True,False,True,True,True,,0.0,0.0,2021.10.06.07.26.10_veh-52_01245_02064,not_in_GT(new)
4abb45d9ee1a5c5c,97200d6aaacc5db8,vehicle,32.173723434993725,7.047541668630773,True,in_gt,0,53.04418443603197,T2,19.342809242220852,25.71000214489528,False,False,False,True,True,,,3.3222704,,inf,0.34589067,0.11907631,True,True,False,False,False,True,0.0,0.0,2021.09.16.19.49.00_veh-42_00990_01609,BEVF_only
4c53f29ce2365ef1,145038333dc551ef,vehicle,25.60623692224781,0.6923632457683154,True,in_gt,0,3.9665377061481824,T0,25.544900249515017,1.771282179838849,True,False,True,True,True,0.38608074,0.750454,0.41403234,1.329115,1.329115,0.089697525,0.30707046,True,True,True,False,False,True,100.0,0.0,2021.09.29.18.19.40_veh-28_01268_01685,E2+BEVF
4cb4fba2908b5dbb,9d0b14004c5956c2,vehicle,30.21040710992113,0.0,False,in_gt,0,-0.737382911974686,T1,30.20790525880714,-0.38878994599278904,False,False,True,True,True,,4.8162007,5.9604645e-07,,9.693407,0.3432649,0.24185371,True,True,False,False,False,True,0.0,0.0,2021.09.29.14.44.26_veh-28_01509_01628,BEVF_only
4cdcf106cb5d5c63,fa424b2b36115f9a,vehicle,8.908142042727036,8.701412009277965e-05,False,in_gt,3,-0.5648732352384852,T1,8.907709120035122,-0.08782303936969083,True,False,True,True,True,0.0039225034,0.47225857,0.65672135,1.8652985,1.6367149,0.29943955,0.3407573,True,True,True,True,True,,0.0,41.666666666666664,2021.09.09.14.18.22_veh-48_00322_00895,E2+BEVF
4fbe9cf1d64d58ef,3ce06177c07c51ef,vehicle,17.63539503966578,3.0850687870964224,True,in_gt,0,1.3322127742489227,T0,17.630628123072622,0.4100124278472652,True,False,True,True,True,2.0687926,1.6015879,0.11659496,1.2850713,1.2850713,0.16782182,0.96611726,True,True,False,False,False,True,0.0,0.0,2021.09.16.14.39.34_veh-42_01111_01448,E2+BEVF
505e82147a375933,f9cad65a62e75af0,vehicle,22.107829538481813,0.0,False,in_gt,1,0.7533450248697738,T2,22.105918574774268,0.29067312916563104,True,False,True,True,True,2.1001868,4.0793,5.9604645e-07,1.8970888,1.8970888,0.07319122,0.34165776,True,True,True,False,False,True,58.333333333333336,0.0,2021.09.09.17.18.51_veh-48_00657_00876,E2+BEVF
516c42e0454456b6,f7ab15e4bccc587b,vehicle,12.790442172708076,4.47206892449396,True,in_gt,0,0.7362385377561206,T0,12.789386227423371,0.16434992906196477,True,True,True,True,True,1.137821,0.9537116,0.14591677,0.32988033,0.32988033,0.031203946,0.95226294,True,True,True,True,True,,0.0,0.0,2021.09.29.19.02.14_veh-28_00540_00917,E2+BEVF
526b66c665085401,fa7478d478d75976,vehicle,25.89629196269114,0.0,False,in_gt,2,4.327194719768864,T0,25.82247286022638,1.9539275318736227,True,False,False,True,True,0.011563618,,5.9604645e-07,1.077904,1.077904,0.05136916,0.41492325,True,True,True,False,True,,0.0017804663770881746,-94.6034989416229,2021.09.16.15.47.30_veh-45_01199_01391,E2+BEVF
529d2e20dc615c3b,3ce06177c07c51ef,vehicle,19.409583674837503,3.8724277251219203,True,in_gt,0,1.1602029517115493,T0,19.405604490560254,0.3930048173574301,True,True,True,True,True,1.9400786,1.395457,0.03990558,1.2480173,0.9932206,0.088097066,0.5004498,True,True,False,False,False,True,0.0,0.0,2021.09.16.14.39.34_veh-42_01111_01448,E2+BEVF
52c6827af61d5b87,57ca57c61cfe5c36,vehicle,10.32005351867088,0.808265383364103,True,in_gt,0,-2.714765737710832,T0,10.308471342765106,-0.48879771237371494,True,True,True,True,True,0.5537818,0.22938648,0.33039895,0.1501105,0.1501105,0.054321084,0.9629827,True,True,False,False,False,True,0.0,0.0,2021.06.28.18.03.27_veh-14_00620_01581,E2+BEVF
534efc35151f543d,9a9bdd1529225786,static,11.132844058214776,0.0,False,in_gt,4,-8.560378584366726,T0,11.008819187075606,-1.6571411921752643,True,True,True,True,True,0.012171031,0.0104294615,0.011921251,0.6022551,0.6022551,0.33697104,0.6223472,True,True,True,False,True,,0.0,-73.02915114131523,2021.10.06.08.16.17_veh-52_00612_00782,E2+BEVF
54b1308d42085066,34f4d72a1e8553ec,vehicle,28.720562359193462,0.0,False,in_gt,5,4.1800952025077525,T0,28.644161651122204,2.093491230624199,True,True,True,True,True,0.052302163,0.053888787,5.9604645e-07,0.61558896,0.6155889,0.0759631,0.33075482,True,True,True,False,True,,-0.0009585996795791196,-94.80333025650597,2021.09.29.18.19.40_veh-28_01268_01685,E2+BEVF
5593db2f64115fbf,56b7bb1b38875710,vehicle,25.771770710661354,3.3444653768561348,True,in_gt,0,1.3654143462655703,T0,25.76445296403878,0.6141083184061049,True,True,True,True,True,1.9466882,0.808745,1.7359397,0.5092677,0.5092677,0.63033926,0.7152233,True,True,False,False,False,True,0.0,0.0,2021.09.29.19.02.14_veh-28_00964_01689,E2+BEVF
585a681f4ad95682,f01e5490f0cf5cfa,vehicle,16.503083129243723,0.0,False,in_gt,5,30.16923450071646,T1,14.26765434956507,8.293720041818736,True,True,True,True,True,0.06724774,0.06330299,5.9604645e-07,0.7336045,0.7336045,0.2787082,0.5517697,True,True,False,False,False,True,0.0,0.0,2021.08.30.14.54.34_veh-40_00439_00835,E2+BEVF
58911c0c8e3f5906,44c3659c317556b5,vehicle,31.41042834317702,0.5537298525822179,True,in_gt,0,-0.15866067875238044,T1,31.410307912553012,-0.08698011535894068,False,False,True,True,True,,1.812978,0.23983485,,2.5430558,0.025911907,0.18040577,True,True,False,False,False,True,0.0,0.0,2021.09.09.18.04.06_veh-40_00743_01071,BEVF_only
58a10d0c924050cf,609a5bc319015d3b,vehicle,25.37101267534219,0.0,False,in_gt,5,-39.20448489296096,T0,19.659871209831973,-16.0367623972295,True,True,True,True,True,0.09162879,0.029804805,5.9604645e-07,0.86945856,0.8694585,0.10684847,0.67900026,True,True,False,False,False,True,0.0,0.0,2021.09.29.15.23.04_veh-28_00814_01101,E2+BEVF
59504d2ffda35a72,94ccb6f15efc5f27,static,15.455267743210957,0.0,False,in_gt,19,-3.2422817137867836,T0,15.430528473817887,-0.8741235799545244,True,False,True,True,True,0.009092233,0.0005677292,0.00063903123,1.6807369,1.56354,0.028116586,0.36992705,True,True,False,False,False,True,0.0,0.0,2021.09.29.15.23.04_veh-28_00814_01101,E2+BEVF
5a064a908e64596b,4be9fae091e35b13,vehicle,12.652700327954825,6.065437683115172,True,in_gt,1,14.422993310763534,T1,12.253928735377542,3.1515164821584998,True,True,True,True,True,1.015384,2.3379328,0.15775938,0.11084797,0.11084798,0.028171632,0.97041357,True,True,False,False,False,True,0.0,0.0,2021.09.29.18.19.40_veh-28_01268_01685,E2+BEVF
5d7c7edca69d5e73,2ea57d78f05a562d,vehicle,27.45394252246225,0.0,False,in_gt,0,-44.019954300661524,T1,19.74207047270499,-19.077987668446863,False,False,False,True,True,,,5.9604645e-07,,2.072955,0.026397401,0.0,True,True,True,False,False,True,100.0,0.0,2021.09.16.21.13.37_veh-42_00172_00347,BEVF_only
5d7eedc503ef575c,57ca57c61cfe5c36,vehicle,10.125291414382954,0.6439109073512881,True,in_gt,0,-2.9929969639246825,T1,10.111479748502834,-0.5286809262629302,True,True,True,True,True,0.2819836,0.4326602,0.30581215,0.1936269,0.1936269,0.06211082,0.9667182,True,True,False,False,False,True,0.0,0.0,2021.06.28.18.03.27_veh-14_00620_01581,E2+BEVF
5e74b6a61b715f47,bb019a036b0c50b9,vehicle,17.959346279365146,0.0,False,in_gt,15,46.98827270355994,T0,12.25093284985384,13.132127135027241,True,False,True,True,True,0.12648912,0.08877371,5.9604645e-07,1.3776159,1.3776159,0.010202904,0.3168823,True,True,False,False,False,True,0.0,0.0,2021.09.16.19.27.01_veh-45_01749_03230,E2+BEVF
60a317c40ae656c0,5ae6225323c857eb,vehicle,30.768440539901988,0.0,False,in_gt,3,-6.829927916235663,T0,30.5500930843656,-3.659063513261474,False,False,False,True,True,,,5.9604645e-07,,2.2549617,0.24284777,0.23249158,True,True,True,False,True,,0.0,-100.0,2021.09.09.18.04.06_veh-40_00743_01071,BEVF_only
6183ed1d16f05d11,45910e05652d5fce,vehicle,13.772334373063797,3.019846222444505,True,in_gt,0,-0.2793245298498509,T0,13.77217071040944,-0.06714169207645071,True,True,True,True,True,0.8550663,0.7874189,0.46829465,0.35641518,0.35641518,0.020120278,0.94885343,True,True,False,False,False,True,0.0,0.0,2021.09.29.18.19.40_veh-28_00844_01218,E2+BEVF
61984566807c5b11,13b7ac2541e75b0d,vehicle,14.557440254195345,0.0,False,in_gt,0,-26.129769553951217,T0,13.069653445224024,-6.411179733575626,True,True,True,True,True,0.042313688,0.061522704,5.9604645e-07,0.43169218,0.4316922,0.028199112,0.9481294,True,True,False,False,True,,-100.0,-100.0,2021.10.06.08.16.17_veh-52_01430_01579,E2+BEVF
61a236d173ef5055,91f5e61ef76450eb,vehicle,18.824805808197468,6.469567261216332,True,in_gt,1,0.7199738399489618,T0,18.82331958867017,0.23654466624933246,True,True,True,True,True,0.8449516,1.0331359,0.22221023,0.060718037,0.060718037,0.081212565,0.9638279,True,True,False,False,False,True,0.0,0.0,2021.06.03.13.55.17_veh-35_02866_03582,E2+BEVF
62b0d1b0d5b35c44,bde51c81803a595a,static,24.142858868950086,0.0,False,in_gt,8,-3.1053258677108047,T0,24.107408440766175,-1.3078580336250492,False,False,True,True,True,,0.0039919,0.0003685481,,2.025608,0.04861033,0.29116365,True,True,True,False,True,,-100.0,-70.83333333333333,2021.10.06.07.26.10_veh-52_00953_01126,BEVF_only
65b76ee44ba5521c,9162af8d51955ddf,vehicle,5.832842477946859,0.0,True,behind,-1,166.1573367617941,T1,-5.663435707072802,1.3955455436473765,,,,,,,,,,,,,True,False,False,False,False,True,0.0,0.0,2021.09.16.15.12.03_veh-42_01037_01434,not_in_GT(behind)
65dbd10f84db5a53,ad35e8a82fd05220,vehicle,12.243254994898578,1.7014176476465233,True,in_gt,0,0.9721990658582206,T0,12.241492525386299,0.20773449646206554,True,True,True,True,True,0.24130876,0.47368613,0.019020246,0.13856244,0.13856244,0.027178334,0.9619639,True,True,False,False,False,True,0.0,0.0,2021.06.03.18.47.39_veh-35_00257_00492,E2+BEVF
667afe1f010351c5,67740b7f8a4f505f,vehicle,18.65243081345402,0.0,False,in_gt,1,-33.389497511071376,T1,15.573823867040838,-10.264949362226693,True,False,True,True,True,0.086187296,0.11004461,5.9604645e-07,1.039224,1.039224,0.12319329,0.6255255,True,True,False,False,False,True,0.0,0.0,2021.09.16.13.53.10_veh-42_00860_01069,E2+BEVF
67abcf0964415891,64772b46be855998,vehicle,27.248490468038025,0.0,False,in_gt,2,-43.670779900419895,T1,19.70936158244787,-18.815453722913173,True,False,True,True,True,0.036567114,0.014919148,5.9604645e-07,1.1965785,1.1965785,0.035252765,0.3575798,True,True,False,False,False,True,0.0,0.0,2021.09.16.19.27.01_veh-45_00472_00711,E2+BEVF
68b83d28894e5bc1,c170999c38ee5895,vehicle,14.63742428145848,9.511380432498504e-05,False,in_gt,0,1.423935444740507,T0,14.632904185558154,0.3637371189540328,True,True,True,True,True,0.011162568,0.012840336,9.516431e-05,0.23360848,0.23360848,0.041104,0.9544575,True,True,True,True,True,,-1.7650054086032263,-41.41753082730095,2021.09.16.17.40.09_veh-45_02539_02745,E2+BEVF
69dcc80901db5a29,091c0ee77bc55cd6,vehicle,15.988166555443675,2.5786269565269877,True,in_gt,3,-1.0047902754170648,T0,15.985708095597353,-0.28036848425051986,True,True,True,True,True,0.3162567,0.049584918,0.5078766,0.061743114,0.061743114,0.043169495,0.96526027,True,True,False,False,False,True,0.0,0.0,2021.09.29.18.19.40_veh-28_00438_00833,E2+BEVF
6ae2bcc5c2c050e4,ba1bf00024785184,VRU,20.44529455644119,0.07063332288355469,True,new,-1,5.7419769732579775,T1,20.342711060839896,2.0455258968846994,,,,,,,,,,,,,True,False,False,False,False,True,0.0,0.0,2021.09.29.19.02.14_veh-28_00964_01689,not_in_GT(new)
6f8c03f8038757cc,275b0df243be5f44,vehicle,20.657148088533038,1.2877796466689593,True,in_gt,1,25.561551165888268,T2,18.63527349574995,8.913155944455571,True,False,True,True,True,1.2886828,1.2882657,0.80467635,1.0438888,1.0438888,0.11569345,0.9282937,True,True,False,False,False,True,0.0,0.0,2021.09.16.19.27.01_veh-45_01749_03230,E2+BEVF
70679dba8428549e,9d0b14004c5956c2,vehicle,23.461006250398245,0.0,False,in_gt,0,-1.5444915218991004,T1,23.452482786351247,-0.6323491417911349,True,False,True,True,True,1.6894705,3.6073391,5.9604645e-07,1.5810446,1.5810446,0.21671556,0.65105134,True,True,False,False,False,True,0.0,0.0,2021.09.29.14.44.26_veh-28_01509_01628,E2+BEVF
70d9d518ad0f5382,56b7bb1b38875710,vehicle,24.108584499390805,2.971276013506887,True,in_gt,0,1.632586166345758,T0,24.09879818210807,0.6868571483877464,True,True,True,True,True,1.4206647,0.4053741,0.078638844,0.4386232,0.43862322,0.34931794,0.75601625,True,True,False,False,False,True,0.0,0.0,2021.09.29.19.02.14_veh-28_00964_01689,E2+BEVF
70f718ebc8b4505e,f7ab15e4bccc587b,vehicle,13.12786784661116,4.662573377280804,True,in_gt,0,0.4729854608863168,T0,13.127420533063566,0.10837133471651139,True,True,True,True,True,0.4102812,0.1686615,0.16359568,0.19139576,0.19139576,0.015731713,0.9507096,True,True,True,True,True,,-2.5341519838047666,0.0,2021.09.29.19.02.14_veh-28_00540_00917,E2+BEVF
7316c116f05d57a5,6547dda70652591b,vehicle,16.779133088499226,0.0,False,in_gt,0,51.268950935068105,T1,10.498124463716943,13.089258571281926,True,True,True,True,True,0.104375616,0.1706799,5.9604645e-07,0.49751648,0.49751648,0.007794886,0.4687098,True,True,False,False,False,True,0.0,0.0,2021.09.09.17.18.51_veh-48_01248_01450,E2+BEVF
7335659408525112,3765e3f0aff95331,vehicle,17.95993247785449,0.0,False,in_gt,7,56.21903462006158,T1,9.9860729962769,14.927743323159124,True,False,False,True,True,0.030881524,,5.9604645e-07,1.7637107,1.7637106,0.0056699067,0.57467794,True,True,False,False,False,True,0.0,0.0,2021.09.16.14.39.34_veh-42_01111_01448,E2+BEVF
73bc5ba81812539f,cf5be8c7528a5818,static,8.699328534051633,0.0,False,new,-1,2.2144893521631546,T1,8.692831672671442,0.33614647694888644,,,,,,,,,,,,,True,False,False,False,False,True,0.0,0.0,2021.10.06.07.26.10_veh-52_01245_02064,not_in_GT(new)
741d60ca8b7b5cb4,091c0ee77bc55cd6,vehicle,12.801379695751725,7.666724670317058e-05,False,in_gt,0,-10.943892178346776,T2,12.568568243051653,-2.4303115920716927,True,True,True,True,True,0.021473289,0.24799164,0.042496525,0.2905182,0.2905182,0.04938754,0.9499081,True,True,False,False,False,True,0.0,0.0,2021.09.29.18.19.40_veh-28_00438_00833,E2+BEVF
74cc0056b2c05248,2297d65ed709558a,vehicle,29.542266287444736,0.0,False,in_gt,1,5.931523948547569,T0,29.384100256671807,3.0528919902534266,False,False,True,True,True,,0.5687961,5.9604645e-07,,34.83481,0.07031945,0.2840069,True,True,False,True,False,True,0.0,0.0,2021.09.29.14.44.26_veh-28_01331_01485,BEVF_only
76a0c83f0b6453a0,091c0ee77bc55cd6,vehicle,18.133737012351887,4.719117642503515,True,in_gt,3,-0.8119006158928642,T0,18.131916429167585,-0.25695260034360423,True,True,True,True,True,1.2055299,0.4939613,0.3859555,0.07336821,0.07336821,0.085285485,0.95805925,True,True,False,False,False,True,0.0,0.0,2021.09.29.18.19.40_veh-28_00438_00833,E2+BEVF
771c4e378bef58e4,e6873f8659265a7d,vehicle,9.197367675288813,0.0,False,in_gt,0,1.2006649590668073,T1,9.19534830451211,0.19272185437517297,True,True,True,True,True,0.0013081927,0.5193324,5.9604645e-07,0.11975596,0.11975596,0.033015158,0.9043464,True,True,True,False,False,True,0.0,0.0,2021.09.16.15.12.03_veh-42_01037_01434,E2+BEVF
788ea82253cb559c,8d440634d0b95977,static,36.80656424101797,0.0,False,new,-1,-5.695346829440057,T0,36.62487352268283,-3.65264434015538,,,,,,,,,,,,,True,False,True,True,False,True,36.13540113450334,77.80206780117001,2021.09.09.18.29.25_veh-39_00969_01184,not_in_GT(new)
789c2205e7865e94,a9d2b8329a4e52fa,vehicle,24.541316405560874,0.0,False,in_gt,4,19.231340414972816,T0,23.17182115521372,8.083496475451764,True,False,True,True,True,0.040997446,0.04619277,5.9604645e-07,1.5177537,1.5177537,0.11335468,0.9231471,True,True,False,False,False,False,0.0,0.0,2021.09.16.13.53.10_veh-42_00630_00818,E2+BEVF
78beb0eba954535e,bb019a036b0c50b9,vehicle,9.915923232715956,0.0,False,in_gt,8,13.195214048493751,T1,9.654122767376355,2.263503291259275,True,True,True,True,True,0.009624608,0.018711105,5.9604645e-07,0.2720762,0.2720762,0.022689044,0.9185528,True,True,False,False,False,True,0.0,0.0,2021.09.16.19.27.01_veh-45_01749_03230,E2+BEVF
79a151c333745253,7e7d7c408d4c53e1,vehicle,32.75911035437573,0.0,False,far,-1,6.224706246662355,T1,32.56597252146374,3.5520057631478394,,,,,,,,,,,,,True,False,False,False,False,True,0.0,0.0,2021.09.09.14.18.22_veh-48_01503_01761,not_in_GT(far)
7ac6ec682a515136,13b7ac2541e75b0d,vehicle,16.730679977345883,0.0,False,in_gt,0,-28.967713047471083,T1,14.637550867145496,-8.102947433871863,True,True,True,True,True,0.03947822,0.008485902,5.9604645e-07,0.56750697,0.56750697,0.09087969,0.9492217,True,True,False,False,False,True,0.0,0.0,2021.10.06.08.16.17_veh-52_01430_01579,E2+BEVF
7b3ba1d953a15802,feb266c6207e51ca,vehicle,14.106411996824203,0.0,False,in_gt,0,-26.649206964999976,T0,12.60787883755021,-6.327104443724584,True,False,True,True,True,0.6780351,0.3083063,5.9604645e-07,1.0946289,1.0946289,0.05066038,0.66884845,True,True,True,False,False,True,53.16209397569952,0.0,2021.09.09.18.04.06_veh-40_00555_00731,E2+BEVF
7b4fca2db9255996,3ff3cc8f10195010,vehicle,12.694438808914626,2.9252735050359546,True,in_gt,7,-11.435768067053484,T0,12.442423629881052,-2.5169169409925756,True,True,True,True,True,1.5752509,0.8175511,0.031978007,0.7396488,0.7396488,0.0074953316,0.9490767,True,True,False,False,False,True,0.0,0.0,2021.06.28.16.29.11_veh-38_03263_03766,E2+BEVF
7df960d73e50560b,1656b3125ed35926,static,24.49737134392576,0.0,False,in_gt,8,-0.7275123516142179,T0,24.495396562051805,-0.311046668549265,True,True,True,False,False,0.014811939,0.07056976,,0.76183164,0.7618317,2.7827153,0.44672483,True,True,True,False,False,True,100.0,0.0,2021.08.30.14.54.34_veh-40_00439_00835,E2_only
7e6d49b500545236,3ff3cc8f10195010,vehicle,13.299630042719183,3.687449633594746,True,in_gt,6,-10.820215995104512,T0,13.063176914646677,-2.496711471083676,True,True,True,True,True,1.6311783,0.72909665,0.052658092,0.26610845,0.26610845,0.08765132,0.9151513,True,True,False,False,False,True,0.0,0.0,2021.06.28.16.29.11_veh-38_03263_03766,E2+BEVF
7ed9d0ca20ac5e2c,31fc257c8d665120,vehicle,12.973599791171216,0.0,False,in_gt,0,0.2313599665196564,T2,12.973494021520143,0.05238716502112872,True,True,True,True,True,0.5659129,0.7502622,5.9604645e-07,0.19236416,0.19236416,0.08370299,0.96147835,True,True,False,False,False,True,0.0,0.0,2021.08.30.13.45.25_veh-40_00878_01104,E2+BEVF
7f2934ac111854f5,ee9806af05e05ace,vehicle,57.6625001273248,12.495490962874621,True,far,-1,12.813990031949094,T2,56.2264287819667,12.788769579602189,,,,,,,,,,,,,True,False,False,False,False,True,0.0,0.0,2021.09.09.17.18.51_veh-48_01248_01450,not_in_GT(far)
7f47c3fca9075a31,8b100bfcf44b56d5,vehicle,24.344062105415542,0.0,False,in_gt,12,24.034230776346913,T0,22.233487765661415,9.914907037714126,True,True,True,True,True,2.1182878,0.21964857,5.9604645e-07,0.27056223,0.27056223,0.077481695,0.30915445,True,True,True,True,True,,-41.74950598624429,-94.07336298467976,2021.08.30.16.16.44_veh-40_00779_01088,E2+BEVF
7fdcd804a7a95b6c,df951133359c5374,vehicle,12.620414449334344,1.5997712239617081,True,in_gt,0,-6.095933355004576,T0,12.549052112187493,-1.3402059388652585,True,True,True,True,True,1.7370288,0.504588,0.087674,0.3534167,0.3534167,0.06702455,0.9480213,True,True,True,False,False,True,58.333333333333336,0.0,2021.09.09.17.18.51_veh-48_00098_00328,E2+BEVF
8209b6700b535e8e,2297d65ed709558a,vehicle,33.20549112742995,0.0,False,far,-1,5.326500618480697,T0,33.062105438734875,3.082503036787962,,,,,,,,,,,,,True,False,False,False,False,True,0.0,0.0,2021.09.29.14.44.26_veh-28_01331_01485,not_in_GT(far)
82226888c99e531c,56b7bb1b38875710,vehicle,20.945518513308343,2.636471799641772,True,in_gt,0,3.7657699496381634,T0,20.900294710109193,1.3756550519386206,True,True,True,True,True,2.2320073,0.97933644,0.9700197,0.7477036,0.74770355,0.2651982,0.64932686,True,True,False,False,False,True,0.0,0.0,2021.09.29.19.02.14_veh-28_00964_01689,E2+BEVF
83aba0a1454c59e4,fa424b2b36115f9a,vehicle,9.037011680322674,0.7616285467244519,True,in_gt,3,-0.5627061328113147,T1,9.036575858081912,-0.08875174037496514,True,False,True,True,True,0.7591126,0.58262146,0.17063902,1.498828,1.498828,0.37141094,0.41111064,True,True,False,False,False,True,0.0,0.0,2021.09.09.14.18.22_veh-48_00322_00895,E2+BEVF
8659bfccd4195fb6,09a158173d0a50eb,vehicle,18.74931396653045,0.0,False,in_gt,2,9.867435751868152,T1,18.471953181133614,3.2130546041954595,False,False,True,True,True,,0.011888413,5.9604645e-07,,2.077807,0.01939492,0.0,True,True,False,False,False,True,0.0,0.0,2021.09.09.14.18.22_veh-48_00322_00895,BEVF_only
87bf38cb3c39548d,f960c97c26d05f58,vehicle,18.471619136372823,0.0,False,in_gt,1,-1.6062551946222503,T1,18.46436091263648,-0.5177737026122546,True,True,True,True,True,2.265031,0.007245262,5.9604645e-07,0.011848629,0.011848629,0.017310483,0.9670551,True,True,True,False,False,True,58.333333333333336,0.0,2021.08.30.14.54.34_veh-40_00439_00835,E2+BEVF
885f450f0b875861,60e80f59649e5292,vehicle,22.951458198051302,1.7306923119155035,True,in_gt,0,-1.0700948060173117,T1,22.947455370219867,-0.42863206677014887,True,True,True,True,True,0.46415854,0.014573863,0.011909805,0.12436689,0.12436689,0.011212634,0.97065455,True,True,False,False,False,True,0.0,0.0,2021.09.16.19.49.00_veh-42_00990_01609,E2+BEVF
889aac2576295c91,091c0ee77bc55cd6,vehicle,18.646382437685016,5.601325786691064,True,in_gt,3,-0.8353312273770056,T0,18.6444007780267,-0.2718412049811647,True,True,True,True,True,0.77860403,0.9294584,0.31874007,0.22471446,0.22471446,0.065648414,0.95256937,True,True,False,False,False,True,0.0,0.0,2021.09.29.18.19.40_veh-28_00438_00833,E2+BEVF
88ac42d0eaca5c57,e5dcc2ae74655626,vehicle,12.395583532468931,1.3001389501390876,True,in_gt,29,-0.8247846384497993,T1,12.394299235837199,-0.1784308351726107,True,True,True,True,True,0.6607535,0.27363226,0.11322555,0.4079624,0.4079624,0.247002,0.9620836,True,True,False,False,False,True,0.0,0.0,2021.05.25.14.16.10_veh-35_04097_04328,E2+BEVF
8a1fa33cd5d45d48,91f5e61ef76450eb,vehicle,16.697467032800205,6.251394091317391,True,in_gt,1,0.06785171277090173,T0,16.697455324417398,0.019773733456950104,True,True,True,True,True,0.34318495,0.25828272,0.3325623,0.3080743,0.3080743,0.14118667,0.96787953,True,True,False,False,False,True,0.0,0.0,2021.06.03.13.55.17_veh-35_02866_03582,E2+BEVF
8ba3e54303a352c8,97200d6aaacc5db8,vehicle,29.105044667481444,6.555587357175882,True,in_gt,0,39.54526608827104,T2,22.4435348388363,18.53082213594506,False,False,False,True,True,,,1.1901191,,5.110851,0.42666143,0.12269665,True,True,False,False,False,True,0.0,0.0,2021.09.16.19.49.00_veh-42_00990_01609,BEVF_only
8e785a7a6df95636,974f335bd67d50ce,static,30.2477749334977,0.0,False,new,-1,4.079224256897274,T1,30.171146511967045,2.1516985339378962,,,,,,,,,,,,,True,False,False,False,False,True,-1.2547147762442812e-05,-0.00010605012835673833,2021.09.09.14.18.22_veh-48_01503_01761,not_in_GT(new)
8eb6e6b220755d3b,9d0b14004c5956c2,vehicle,20.704710928805593,2.2338482843803655e-05,False,in_gt,0,-2.009097760479712,T1,20.691983181345165,-0.7258695945764,True,False,False,True,True,1.5087855,,2.1811189e-05,1.9298224,1.9298223,0.18431513,0.6506972,True,True,False,False,False,True,0.0,0.0,2021.09.29.14.44.26_veh-28_01509_01628,E2+BEVF
8f0f7125a2e856b8,b79467957bc3511e,vehicle,19.420504841469427,6.505509343589578,True,in_gt,0,2.899085634295603,T0,19.395649789055213,0.9822309086258354,True,False,True,True,True,0.9032075,0.5979433,0.59844166,1.1879452,1.1879452,0.072547376,0.96105635,True,True,False,False,False,True,0.0,0.0,2021.09.29.14.44.26_veh-28_00528_00992,E2+BEVF
8ff80000e9a05eca,fa424b2b36115f9a,vehicle,9.21349110604503,0.566838368863259,True,in_gt,3,-0.48425129308212095,T0,9.213162036300998,-0.07786946791211236,True,False,True,True,True,0.56106776,0.3712316,0.22991325,1.2987531,1.2987531,0.07293532,0.4013781,True,True,True,True,False,True,100.0,100.0,2021.09.09.14.18.22_veh-48_00322_00895,E2+BEVF
90831b78d185503a,9744396e7fb35fa4,vehicle,36.09214126705427,0.0,False,far,-1,2.248109656964646,T0,36.06436226422147,1.4157809562215533,,,,,,,,,,,,,True,False,False,False,False,True,0.0,0.0,2021.09.09.18.29.25_veh-39_00569_00903,not_in_GT(far)
91e06c22962d53bb,b74c70810f545d1a,static,29.72163840710489,0.0,False,in_gt,11,1.9408877946333698,T1,29.704587133874526,1.0066244626217014,True,False,False,True,True,0.0034020056,,0.004121624,1.6244438,1.6244439,0.006227806,0.355826,True,True,False,False,False,True,-3.855702407074002e-05,4.5575046708767886e-06,2021.09.09.17.18.51_veh-48_01248_01450,E2+BEVF
927aa2c8ef7d5b5c,fe80dd284bcc590c,vehicle,31.569983972882095,3.5530306194608916,True,in_gt,0,-7.366167645608947,T2,31.309438204917996,-4.04758784221589,True,False,True,True,True,1.3972435,4.1136675,0.52778995,1.8549893,1.8549893,0.108331434,0.56212455,True,True,False,False,False,True,0.0,0.0,2021.09.16.19.49.00_veh-42_00990_01609,E2+BEVF
92beafb962d457db,f01e5490f0cf5cfa,vehicle,14.861409399769038,0.0,False,in_gt,5,22.704676871003,T0,13.709748050140677,5.73622678676562,True,False,True,True,True,0.044791643,0.044659052,5.9604645e-07,1.0476713,1.0476713,0.016994497,0.8732975,True,True,False,False,False,True,0.0,0.0,2021.08.30.14.54.34_veh-40_00439_00835,E2+BEVF
936c2cf5b8345663,94ccb6f15efc5f27,static,17.27037715570449,0.0,False,in_gt,20,-1.758109758935816,T0,17.262247269732214,-0.5298549791238116,True,False,True,True,True,0.005280504,0.0011659497,0.00083542976,1.3774188,1.3774189,0.020780945,0.30309457,True,True,False,True,False,True,0.0,37.9625772722907,2021.09.29.15.23.04_veh-28_00814_01101,E2+BEVF
94e4d365aeec5cec,6a34a1cb14f3505d,vehicle,46.67498844530585,7.9255414188766595,True,far,-1,-34.09313286088874,T2,38.65284259555244,-26.163186076104747,,,,,,,,,,,,,True,False,False,False,False,True,0.0,0.0,2021.09.29.18.19.40_veh-28_00438_00833,not_in_GT(far)
9502cdbb06dd516f,e6873f8659265a7d,vehicle,8.87773093825406,0.0,False,in_gt,0,0.9325481099876126,T1,8.876555067407295,0.14448787948888198,True,True,True,True,True,0.004445537,0.41520196,5.9604645e-07,0.14339025,0.14339025,0.03654805,0.86009586,True,True,True,False,False,True,0.0,0.0,2021.09.16.15.12.03_veh-42_01037_01434,E2+BEVF
9a357640ddd453d2,64c04f9377795776,vehicle,58.23441696828854,7.042209731306438,True,far,-1,-1.0299350167734793,T2,58.22500864082734,-1.0467513611523493,,,,,,,,,,,,,True,False,False,False,False,True,0.0,0.0,2021.09.09.18.04.06_veh-40_00555_00731,not_in_GT(far)
9aad3780bef85c98,df951133359c5374,vehicle,10.91190709133152,0.6392107401081046,True,in_gt,0,-8.972853285796049,T0,10.778370973068222,-1.7018917523660164,True,True,True,True,True,0.67819905,1.69717,0.114131525,0.39512968,0.39512968,0.03755357,0.84806323,True,True,False,False,False,True,0.0,0.0,2021.09.09.17.18.51_veh-48_00098_00328,E2+BEVF
9ab5654cfc9f5724,b79467957bc3511e,vehicle,10.377591742990422,1.8080066879245134,True,in_gt,0,-1.9662653601583397,T0,10.371481437070003,-0.35606626447242906,True,True,True,True,True,0.56308526,1.1351826,0.3561872,0.08932262,0.08932262,0.018741786,0.94588524,True,True,True,True,True,,0.0,41.666666666666664,2021.09.29.14.44.26_veh-28_00528_00992,E2+BEVF
9c1f46770f2655b1,0a36d204ea435f4a,static,9.980484271457405,0.0,False,new,-1,0.26859693942247004,T2,9.980374604024366,0.04678735036442472,,,,,,,,,,,,,True,False,False,True,False,True,0.0,0.0,2021.10.06.07.26.10_veh-52_01245_02064,not_in_GT(new)
9fe3ed9455355edb,07149dd30118518c,VRU,15.367582909565828,6.156867225421391,True,behind,-1,165.3825761729285,T2,-14.87017221871514,3.878219007241877,,,,,,,,,,,,,True,False,True,True,False,True,100.0,100.0,2021.09.09.17.18.51_veh-48_01248_01450,not_in_GT(behind)
a091a6a6033c559f,25d2a3e908035434,vehicle,28.41590441475238,0.0,False,in_gt,2,3.83060719468234,T0,28.352421086340534,1.8983788481692656,True,False,True,True,True,0.4108353,0.605443,5.9604645e-07,1.4433023,1.4433023,0.04440369,0.38892382,True,True,True,False,False,True,89.29859767611875,0.0,2021.08.30.13.45.25_veh-40_00878_01104,E2+BEVF
a0da100b0dcb543c,f0e6b9547eb059b4,vehicle,25.96942101941066,2.088796912037913,True,in_gt,0,1.288748345556203,T1,25.962851933554823,0.5840783849080751,True,False,True,True,True,1.1369612,1.8035829,0.31642705,1.1910181,1.1910181,0.2649361,0.8963417,True,True,False,False,False,True,0.0,0.0,2021.09.29.14.44.26_veh-28_00528_00992,E2+BEVF
a1e689b17ca65053,a4c6f8a68ee553f5,vehicle,42.14492847371867,9.818930571089469,True,side,-1,-62.304061408761946,T2,19.58808965788267,-37.316239623113326,,,,,,,,,,,,,True,False,False,False,False,True,0.0,0.0,2021.09.09.17.18.51_veh-48_01462_01552,not_in_GT(side)
a2701552b0f95f7b,60e80f59649e5292,vehicle,25.66110935175478,2.2169008917250466,True,in_gt,0,-1.283660671551422,T0,25.654669402102087,-0.5748660988122154,True,True,True,True,True,0.23537488,0.311994,0.065389,0.49014932,0.49014932,0.011332721,0.8126202,True,True,False,False,False,True,0.0,0.0,2021.09.16.19.49.00_veh-42_00990_01609,E2+BEVF
a28e9a19b6a05733,36bd67e9ad065bcd,static,16.376025017790905,0.0,False,in_gt,19,-1.162746423430152,T0,16.37265301168499,-0.33230820374480796,True,False,True,True,True,0.010017779,0.002598299,0.0002851645,1.5105842,1.5105842,0.058760267,0.41174605,True,True,False,True,False,True,0.0,29.166666666666668,2021.09.29.15.23.04_veh-28_00814_01101,E2+BEVF
a2c3aa64478d533b,b79467957bc3511e,vehicle,12.13292290785095,1.6478132880537872,True,in_gt,0,-1.1023543693066098,T0,12.13067737591258,-0.23341955654366497,True,True,True,True,True,1.4969447,1.4407127,0.07654979,0.07507886,0.07507886,0.065353945,0.91058266,True,True,True,True,False,True,88.9757703592895,90.66639546261258,2021.09.29.14.44.26_veh-28_00528_00992,E2+BEVF
a523d2a173855e96,a0e796ca904051e6,vehicle,13.456417554655918,4.639387403461475,True,in_gt,0,1.62694293221538,T0,13.450992930516476,0.38205050510076716,True,True,True,True,True,0.2706829,0.37792253,0.39871716,0.3336495,0.3336495,0.19498235,0.96017003,True,True,False,False,False,True,0.0,0.0,2021.06.28.16.29.11_veh-38_00022_00368,E2+BEVF
a708f8c8db805496,fb7a3fe0db425a3a,vehicle,18.226997238654253,5.418908445548595,True,in_gt,0,-3.328706176852613,T0,18.196245573764195,-1.0583361267464562,True,True,True,True,True,1.5710795,2.9274147,0.54110354,0.58880556,0.58880556,0.12782985,0.9367897,True,True,False,False,False,True,0.0,0.0,2021.06.03.17.06.58_veh-35_02571_02742,E2+BEVF
a7d3e71b8ca456a9,57c7a90f33435064,vehicle,17.587365036560676,3.388666638014939,True,in_gt,0,0.3360129031054806,T0,17.587062598682635,0.1031410648349637,True,True,True,True,True,0.87383646,0.3653873,0.23011842,0.043175776,0.04317577,0.0944716,0.95712966,True,True,False,False,False,True,0.0,0.0,2021.06.28.20.24.43_veh-38_03385_04952,E2+BEVF
a9956fd52aa15f39,c8878a49fbba5c70,VRU,11.465601541687823,1.3594970722852364,True,in_gt,8,-27.507104891652833,T2,10.16945619434955,-5.295486703218104,True,False,True,True,True,1.3617226,1.3597007,0.12527898,1.0732224,1.0732224,0.028028872,0.34251943,True,True,False,False,False,True,0.0,0.0,2021.10.06.07.26.10_veh-52_01245_02064,E2+BEVF
a9c368a110585b1a,13b7ac2541e75b0d,vehicle,13.478559893230248,0.0,False,in_gt,0,-25.13071769059572,T0,12.20269619495997,-5.7241403170174365,True,True,True,True,True,0.026119545,0.025473956,5.9604645e-07,0.19432066,0.19432066,0.108593285,0.93397486,True,True,True,False,True,,0.0,-100.0,2021.10.06.08.16.17_veh-52_01430_01579,E2+BEVF
ab19982dd5cd57ac,f0e6b9547eb059b4,vehicle,27.835358383408582,2.849531311885398,True,in_gt,0,2.162495081865318,T0,27.815534886913383,1.0503310371967807,True,True,True,True,True,0.119364835,2.549254,0.8650185,1.3792013,0.2331908,0.46485084,0.39305976,True,True,False,False,False,True,0.0,0.0,2021.09.29.14.44.26_veh-28_00528_00992,E2+BEVF
ac0fb7997f4e5106,9c67db51639155b7,vehicle,19.813573876298378,1.5171066940146258,True,in_gt,0,0.9435983633188427,T1,19.810886972607285,0.32629298201544454,True,True,True,True,True,1.1336459,1.510051,0.15798579,0.20324709,0.20324709,0.04416993,0.96865416,True,True,False,False,False,True,0.0,0.0,2021.05.25.14.16.10_veh-35_00083_00485,E2+BEVF
adb5cfe871c55445,f5cb0052e75f5207,vehicle,26.37261559724015,0.0,False,in_gt,6,4.889336754878716,T1,26.27665028463604,2.24777740417753,True,True,True,True,True,0.031055983,0.02410827,5.9604645e-07,0.9670198,0.9670198,0.031938575,0.8068039,True,True,True,False,False,True,100.0,0.0,2021.08.30.16.16.44_veh-40_00779_01088,E2+BEVF
adccb045b1495f50,fcbd5f8add3f5723,static,20.885564869339056,0.0,False,in_gt,4,-1.861066772324892,T0,20.87454803823797,-0.6782802596752937,False,False,False,True,True,,,0.0006790516,,3.0738442,0.045411542,0.0,True,True,True,True,True,,-1.621259080781956,-1.196142172992365,2021.09.09.14.18.22_veh-48_01298_01492,BEVF_only
ae6787095e5e545a,0deda54459fe5c31,vehicle,19.76276411906291,5.610551927938925e-05,False,in_gt,1,1.8355854418961548,T1,19.752623032495833,0.6330315646439919,True,True,True,True,True,2.1706586,1.1606778,5.5515116e-05,0.5958302,0.5958302,0.035249416,0.96230644,True,True,False,False,False,True,0.0,0.0,2021.09.16.17.40.09_veh-45_02539_02745,E2+BEVF
ae821f2ac8d55180,31fc257c8d665120,vehicle,17.103248790226992,8.586143069954991e-07,False,in_gt,0,0.37189327755717444,T1,17.102888511612463,0.11101234055514819,True,True,True,True,True,3.7081096,3.039504,0.6006958,0.39923632,0.39923635,0.036603525,0.96799725,True,True,False,False,False,True,0.0,0.0,2021.08.30.13.45.25_veh-40_00878_01104,E2+BEVF
b111bb8716b756d2,42672c700ab85958,static,21.844201950285182,0.0,False,in_gt,36,5.863289169776933,T0,21.729923454455868,2.231498489430744,True,False,True,True,True,0.00031381563,0.008015797,0.000893655,1.1591238,1.1591239,0.01709729,0.5879446,True,True,True,False,False,False,80.74901209473214,-0.0044332740652713865,2021.06.03.12.02.06_veh-35_01100_01227,E2+BEVF
b11d39291cd55ed7,8843c8f4468a5b9f,vehicle,20.809865731247744,2.55663404028449,True,in_gt,0,1.898450875193424,T1,20.798443445747317,0.6893924764672139,True,False,True,True,True,0.083300404,1.9913805,0.65056866,1.2271435,1.2271436,0.027322363,0.96396273,True,True,False,False,False,True,0.0,0.0,2021.09.29.19.02.14_veh-28_00964_01689,E2+BEVF
b1520b6af9705191,6f2e302c3dac5175,vehicle,19.47968270459255,0.0,False,in_gt,0,-50.09791819217945,T1,12.495778271842662,-14.94367972263013,True,True,True,True,True,0.038640775,0.015588077,5.9604645e-07,0.2607615,0.26076153,0.08198629,0.81802434,True,True,False,False,False,True,0.0,0.0,2021.09.16.19.27.01_veh-45_01749_03230,E2+BEVF
b5668089b793502b,65e216a9fd335080,static,11.962823182168892,0.0,False,in_gt,5,-7.113845022715902,T0,11.870733868178611,-1.4814911132756503,True,True,True,False,False,0.011890778,0.026614651,,0.43945342,0.42782688,1.8955212,0.6170805,True,True,False,False,True,,-99.40094923648296,-80.80007405406464,2021.10.06.08.16.17_veh-52_00612_00782,E2_only
b5a8b9b436b05bad,bf2be96a10ab544d,vehicle,14.606989881229573,5.797001924706338e-05,False,in_gt,0,-6.156943645516193,T2,14.52273445701582,-1.5666324653052959,True,True,False,True,True,0.0007114958,,0.19112755,0.44154224,0.44154224,0.028313017,0.91478384,True,True,False,False,False,True,0.0,0.0,2021.06.28.20.24.43_veh-38_03385_04952,E2+BEVF
b5b57305df6f5b99,46407046fa835e14,vehicle,26.03948827149619,0.0,False,in_gt,2,3.3107830822898894,T0,25.99602746375189,1.503830291371008,False,False,False,True,True,,,5.9604645e-07,,3.8544407,0.31948406,0.16942531,True,True,True,False,True,,41.666666666666664,-58.333333333333336,2021.08.30.14.54.34_veh-40_00439_00835,BEVF_only
b5b8d20688385790,e6873f8659265a7d,vehicle,7.972931094286208,0.0,False,in_gt,0,1.1532853346854464,T1,7.971315986071756,0.16047331377128327,True,False,True,True,True,0.020569488,0.00785699,5.9604645e-07,1.5232021,1.5232021,0.03253041,0.42690027,True,True,True,False,False,True,0.0,0.0,2021.09.16.15.12.03_veh-42_01037_01434,E2+BEVF
b770bd5be66d5339,b1cb9a2761d15bf0,vehicle,16.401478043071286,1.9848849115776004,True,in_gt,0,7.067257353534527,T0,16.276866337669126,2.0179455451035335,True,True,True,True,True,1.3447044,1.2935711,0.09642719,0.13359936,0.13359936,0.033072818,0.9687778,True,True,True,False,False,True,95.48220528757292,0.0,2021.06.03.13.55.17_veh-35_02866_03582,E2+BEVF
b87c15c9f6cf54eb,3ff3cc8f10195010,vehicle,13.878613605733905,4.379599442160733,True,in_gt,5,-8.518062961664537,T0,13.725521618115144,-2.0557168890477455,True,True,True,True,True,0.5534967,1.5359771,0.09022428,0.19859485,0.19859485,0.025573885,0.8252049,True,True,False,False,False,True,0.0,0.0,2021.06.28.16.29.11_veh-38_03263_03766,E2+BEVF
b9e84e372b3958ac,0944cd268261519a,vehicle,20.1288955371327,0.0,False,in_gt,0,-0.09134604901961131,T2,20.12886995574329,-0.03209126946437735,True,True,True,True,True,0.15398638,0.012472216,5.9604645e-07,0.4559779,0.4559779,0.04751937,0.96996653,True,True,True,False,False,True,58.333333333333336,0.0,2021.06.28.21.47.53_veh-35_00280_00424,E2+BEVF
bb5b44d240945ed0,3ce06177c07c51ef,vehicle,21.082423053510293,4.716844834038241,True,in_gt,0,1.0157751925812615,T0,21.079109995099305,0.3737427212493909,True,True,True,True,True,1.197529,2.5053189,0.10909625,0.8858159,0.8858159,0.17122518,0.96193993,True,True,False,False,False,True,0.0,0.0,2021.09.16.14.39.34_veh-42_01111_01448,E2+BEVF
bc667a4fc0f454d7,56b7bb1b38875710,vehicle,18.127918342972624,1.8562093284276517,True,in_gt,0,7.488916528394524,T0,17.973288871104494,2.3626913901977744,True,False,True,True,True,0.59908515,0.87677056,0.3079309,1.1405187,1.1405187,0.3915296,0.8578233,True,True,True,False,False,True,48.19430084728184,0.0,2021.09.29.19.02.14_veh-28_00964_01689,E2+BEVF
bc73190196b358f6,fe80dd284bcc590c,vehicle,23.920985698768728,3.069374864586215,True,in_gt,0,-7.8363453201882765,T1,23.697600783703397,-3.2614833890299346,False,False,True,True,True,,3.4992824,0.21884432,,2.4576757,0.022013664,0.0,True,True,False,False,False,True,0.0,0.0,2021.09.16.19.49.00_veh-42_00990_01609,BEVF_only
bd0f9349cc1053a3,bd20237b782855bf,vehicle,9.077322531172737,0.0,False,in_gt,0,-12.50583974203635,T1,8.861953449709826,-1.9655954288999389,True,True,True,True,True,0.007363138,0.05408776,5.9604645e-07,0.18655162,0.18655162,0.025587192,0.814826,True,True,True,False,False,True,100.0,0.0,2021.08.30.14.54.34_veh-40_00439_00835,E2+BEVF
bd1e37aab1c7530f,3ff3cc8f10195010,vehicle,14.278939596250646,4.923469231039799,True,in_gt,4,-5.427306732383814,T0,14.214927113365873,-1.350541800563899,True,True,True,True,True,0.74632007,0.45333034,0.23444766,0.31174994,0.31174994,0.12586236,0.8279586,True,True,False,False,False,True,0.0,0.0,2021.06.28.16.29.11_veh-38_03263_03766,E2+BEVF
bd5e1c226cca5d3e,609a5bc319015d3b,vehicle,21.441556940735634,0.0,False,in_gt,4,-26.248723385426494,T0,19.23055925130592,-9.482929659383787,True,True,True,True,True,0.67725873,0.34289014,5.9604645e-07,0.6138502,0.26970217,0.10075449,0.43513367,True,True,True,False,False,True,49.84279251491432,0.0,2021.09.29.15.23.04_veh-28_00814_01101,E2+BEVF
bf0a29ccead65750,a044eb79ac4550c6,static,25.136469353773855,0.0,False,roi_no_ann,-1,-25.213276742741414,T1,22.74167682968516,-10.707858168063924,,,,,,,,,,,,,True,False,True,True,True,,0.0,90.69189612081342,2021.10.06.08.16.17_veh-52_00922_01296,not_in_GT(roi_no_ann)
c0d4412fa9f15f5b,2228e7a0ac665d5f,static,43.87123376608332,0.0,False,far,-1,2.1823820224106787,T1,43.83941278022873,1.6706403691541798,,,,,,,,,,,,,True,False,True,True,True,,0.0,0.0,2021.06.28.20.24.43_veh-38_03385_04952,not_in_GT(far)
c32ae6a1954651ec,ef287e5a60865789,vehicle,16.881076893271665,1.503161111563944,True,in_gt,0,0.9809962420405215,T0,16.87860261258301,0.2890171674080042,True,True,True,True,True,0.3802577,1.1278205,0.07617933,0.22288355,0.22288355,0.03564543,0.9606613,True,True,False,False,False,True,0.0,0.0,2021.05.25.15.59.03_veh-30_00625_00855,E2+BEVF
c35e290a671a5084,e860d8fe02c7540e,vehicle,22.356664839467026,0.0,False,in_gt,9,7.090858936046693,T0,22.185673126612706,2.759777285100375,False,False,False,True,True,,,0.34131286,,2.3837132,0.47724956,0.0,True,True,True,False,False,True,100.0,0.0,2021.09.29.15.23.04_veh-28_00814_01101,BEVF_only
c35f0df7bfdb5140,04f4f17b0d865512,vehicle,9.180082393424424,0.0,False,in_gt,0,1.4671070875361232,T1,9.177073053688295,0.23503811888565274,True,True,True,True,True,0.013089875,0.018258333,5.9604645e-07,0.038066126,0.038066126,0.007856934,0.9576313,True,True,False,False,False,True,0.0,0.0,2021.09.16.19.27.01_veh-45_01749_03230,E2+BEVF
c3ace87d2f985eaa,88f13d7a43ee5925,vehicle,22.165296627859778,2.969374002702703,True,in_gt,10,-5.991286467131361,T0,22.044224913264394,-2.3135519389945483,False,False,False,False,False,,,,,4.1317487,0.31949008,0.0,True,True,True,False,False,True,96.21658030253259,0.0,2021.08.30.16.16.44_veh-40_00779_01088,neither
c3d6016d73645955,aa115a4c04445496,vehicle,23.328529653129852,0.9975286371827178,True,in_gt,0,0.705886593169557,T1,23.326759232423964,0.28740126910316527,True,True,True,True,True,1.9173832,2.0169492,0.47182533,0.14604096,0.14604096,0.03349573,0.9682748,True,True,False,False,False,True,0.0,0.0,2021.06.28.16.29.11_veh-38_03263_03766,E2+BEVF
c404e4b4b7a455d3,91f5e61ef76450eb,vehicle,15.732808729107733,5.8813733178073155,True,in_gt,0,-0.2654347998148686,T0,15.732639900536007,-0.07288529859189286,True,True,True,True,True,0.5161166,0.34041023,0.2298999,0.144408,0.144408,0.053157955,0.9606537,True,True,False,False,False,True,0.0,0.0,2021.06.03.13.55.17_veh-35_02866_03582,E2+BEVF
c5510354351d5d5e,f7ab15e4bccc587b,vehicle,10.559677635633141,3.158462214931686,True,in_gt,0,2.3960313318214714,T0,10.550445608048632,0.4414626146097351,True,True,True,True,True,0.74778795,1.2155135,0.26025894,0.5625952,0.5625952,0.026715439,0.96030873,True,True,True,True,False,True,100.0,100.0,2021.09.29.19.02.14_veh-28_00540_00917,E2+BEVF
c5ff90667143574a,b79467957bc3511e,vehicle,28.074990234481454,0.0,False,in_gt,0,4.575555731541038,T1,27.98551533172486,2.239644678073267,True,False,False,True,True,0.0132696815,,5.9604645e-07,1.9866014,1.9866014,0.020348152,0.49915802,True,True,True,False,False,True,58.333333333333336,0.0,2021.09.29.14.44.26_veh-28_00528_00992,E2+BEVF
c63599ac19bc5e9a,5ad280fc42705262,vehicle,22.173014579840356,0.0,False,in_gt,2,7.497743719725898,T1,21.98343531990157,2.893293468267121,True,False,True,True,True,0.0025715856,0.032418117,5.9604645e-07,1.121967,1.121967,0.038381938,0.91799176,True,True,True,True,True,,41.666666666666664,0.0,2021.06.28.16.57.59_veh-26_00016_00484,E2+BEVF
c65ad538a2275dd8,3765e3f0aff95331,vehicle,16.847291823363086,0.0,False,in_gt,7,49.80205356261373,T1,10.873752814003781,12.868284327038378,True,True,True,True,True,0.059128392,0.08508994,5.9604645e-07,0.8687591,0.8687591,0.058888353,0.7714314,True,True,False,False,False,True,0.0,0.0,2021.09.16.14.39.34_veh-42_01111_01448,E2+BEVF
c6c94bd6691c5008,0e6749662103594c,vehicle,3.1529984159594475,6.726695971294047,True,behind,-1,-96.45741498198339,T1,-0.3546010572174654,-3.13299490923031,,,,,,,,,,,,,True,False,False,True,False,True,0.0,58.333333333333336,2021.05.25.14.16.10_veh-35_03373_03550,not_in_GT(behind)
c9614cfb18a953ae,5ad280fc42705262,vehicle,19.561676975162417,0.0,False,in_gt,2,8.08321806674238,T1,19.367329469088823,2.750591812022124,True,True,True,True,True,0.013913307,0.0028003498,5.9604645e-07,0.6348039,0.6348039,0.040546786,0.9196892,True,True,True,True,True,,0.0,0.0,2021.06.28.16.57.59_veh-26_00016_00484,E2+BEVF
cb5ec9cf4fb556c7,4c4fc9c707885e40,vehicle,8.706560330536744,15.889444645942591,True,behind,-1,153.87900503121529,T2,-7.817327179170454,3.833221695007872,,,,,,,,,,,,,False,False,False,False,False,True,0.0,0.0,2021.06.28.18.03.27_veh-14_00620_01581,not_in_GT(behind)
cba63a3ef5bc51b3,a0e796ca904051e6,vehicle,14.179882352356291,5.721916931422099,True,in_gt,0,1.7886812923239976,T0,14.172973148211518,0.44260102433306703,True,True,True,True,True,1.1584015,1.0627347,0.7025298,0.43794602,0.43794602,0.025254326,0.94078445,True,True,False,False,False,True,0.0,0.0,2021.06.28.16.29.11_veh-38_00022_00368,E2+BEVF
cd72b9f6b03f5f41,2de767edf87e5217,vehicle,20.97851295873571,0.00013655552560801182,False,in_gt,0,1.7708557930636089,T2,20.968493799920616,0.6482852169629929,True,False,True,True,True,1.0308254,2.1401904,0.00013606258,1.2771873,1.2771873,0.070230566,0.83578354,True,True,False,False,False,True,0.0,0.0,2021.09.09.14.18.22_veh-48_01298_01492,E2+BEVF
cf05c9f4f6e55af3,b1cb9a2761d15bf0,vehicle,17.566255896379367,2.6875324789728126,True,in_gt,0,6.130819459672621,T1,17.465788167902144,1.8760570063439728,True,True,True,True,True,1.6867834,0.7383485,0.06114879,0.108932465,0.10893246,0.092927895,0.9341253,True,True,False,False,False,True,0.0,0.0,2021.06.03.13.55.17_veh-35_02866_03582,E2+BEVF
cf0aec572cdd543e,85fc59768c035e1d,vehicle,27.04872961186771,0.0,False,in_gt,0,3.5343265425586816,T2,26.997284129883646,1.667460112345056,True,False,True,True,True,2.4191256,3.5761235,5.9604645e-07,1.2548628,1.2548628,0.07854553,0.40767428,True,True,True,False,False,True,58.333333333333336,0.0,2021.09.16.15.12.03_veh-42_01037_01434,E2+BEVF
d02d0643d42c5d91,070bfa83255353bb,static,11.540444131393157,0.0,False,new,-1,-3.6112545695847,T0,11.517529140207916,-0.7268928767488863,,,,,,,,,,,,,True,False,True,True,False,False,0.0,0.0,2021.10.06.07.26.10_veh-52_01245_02064,not_in_GT(new)
d0de8d6a350d55d9,ba1bf00024785184,VRU,17.214465841855972,0.07063332288355469,True,in_gt,23,8.304788669066488,T1,17.033950143390392,2.4864385640744233,False,False,False,False,False,,,,,0.83473814,0.7974863,0.9692069,True,True,False,False,False,True,0.0,0.0,2021.09.29.19.02.14_veh-28_00964_01689,neither
d1bae9e7d9785598,2297d65ed709558a,vehicle,25.788840840898352,0.0,False,in_gt,1,3.76934712223334,T0,25.73305394616687,1.6953602923427518,False,False,True,True,True,,0.28134203,5.9604645e-07,,4.444669,0.052389026,0.24812981,True,True,False,False,False,False,0.0,0.0,2021.09.29.14.44.26_veh-28_01331_01485,BEVF_only
d4ac0a1865ac5c25,df951133359c5374,vehicle,10.286166310359931,0.5372930937979021,True,in_gt,0,-10.053441386954065,T0,10.12822591022489,-1.7956216961912745,True,True,True,True,True,0.36302313,1.5947255,0.3904902,0.52126426,0.52126426,0.023907319,0.6370653,True,True,False,False,False,True,0.0,0.0,2021.09.09.17.18.51_veh-48_00098_00328,E2+BEVF
d5b18d6105c25004,870670afd5a55f0b,vehicle,29.65636398648889,0.0,False,in_gt,0,-8.256233642724846,T1,29.348998588737274,-4.258662552658141,True,True,False,True,True,2.311129,,5.9604645e-07,0.42028105,0.42028105,0.2993661,0.38306406,True,True,False,False,False,True,0.0,0.0,2021.10.06.07.26.10_veh-52_02208_02394,E2+BEVF
d6396ef1c0c55d33,2c560411d895518b,vehicle,38.37090723746544,0.0,False,far,-1,3.2395503687072393,T1,38.30959028251212,2.1683668075837055,,,,,,,,,,,,,True,False,False,True,False,True,0.0,0.0,2021.09.29.18.19.40_veh-28_01268_01685,not_in_GT(far)
d6eda165241a53b9,b79467957bc3511e,vehicle,16.120772223805503,1.5723990792015698,True,in_gt,0,0.16823254933807416,T2,16.12070273252387,0.047333935145962514,True,True,True,True,True,0.81956404,1.990215,0.8468243,0.86296636,0.86296636,0.054073427,0.5303614,True,True,False,False,False,True,0.0,0.0,2021.09.29.14.44.26_veh-28_00528_00992,E2+BEVF
d7ff11915cdf538e,7af2dc7e7d415cf8,static,21.222737253817524,0.0,False,in_gt,39,6.169889741566015,T0,21.0998063066108,2.2809538285728586,False,False,True,True,True,,0.0065942192,0.00087022263,,2.0196657,0.020477816,0.0,True,True,True,False,True,,0.017965215736948092,-80.53097734186059,2021.06.03.12.02.06_veh-35_01100_01227,BEVF_only
d8320bd0be9a50b3,f01e5490f0cf5cfa,vehicle,16.41482044398912,0.0,False,in_gt,5,29.162232391246132,T0,14.334134757802238,7.998681825999147,True,True,True,True,True,0.030031558,0.09021262,5.9604645e-07,0.94250774,0.9425078,0.24309492,0.7362124,True,True,False,False,False,True,0.0,0.0,2021.08.30.14.54.34_veh-40_00439_00835,E2+BEVF
d925879cb467504c,44c3659c317556b5,vehicle,23.77837789903687,3.833279914512302e-05,False,in_gt,0,-4.476248128607859,T0,23.70584845258875,-1.855802966993151,True,False,True,True,True,1.5074008,2.1015825,3.77494e-05,1.0689335,1.0689335,0.04908147,0.8737036,True,True,True,False,True,,0.0,-58.333333333333336,2021.09.09.18.04.06_veh-40_00743_01071,E2+BEVF
d94860755c1f5594,f7ab15e4bccc587b,vehicle,11.252958460208102,3.4229616568227548,True,in_gt,0,1.7143134831807028,T0,11.24792183613064,0.3366429495246219,True,True,True,True,True,1.0412211,1.6156867,0.2072382,0.45176658,0.45176655,0.017085675,0.9565438,True,True,True,True,True,,41.414895973066926,41.666666666666664,2021.09.29.19.02.14_veh-28_00540_00917,E2+BEVF
dac744da64d35664,fcbd5f8add3f5723,static,18.750065584478946,0.0,False,in_gt,4,-2.642139113271651,T0,18.730133077304785,-0.8643346161730623,False,False,False,True,True,,,0.0003247313,,2.4700365,0.022730527,0.0,True,True,True,True,True,,-41.65771486752771,-2.257402313884993,2021.09.09.14.18.22_veh-48_01298_01492,BEVF_only
dc39ce9c251551bb,cc38062622ff54f5,static,13.211871263489483,0.0,False,in_gt,4,8.488981511287948,T1,13.067125570978131,1.9503260228250605,True,True,False,True,True,0.0060352664,,0.0005581434,0.17163093,0.17163093,0.06103563,0.5783848,True,True,True,True,True,,41.68983725489534,41.69825261177274,2021.05.25.14.16.10_veh-35_04097_04328,E2+BEVF
dd162898ecf351d4,dd7d39284a405aca,vehicle,9.695341167837771,0.0,False,in_gt,0,-7.546488153349739,T1,9.611366229042934,-1.2732947702644881,True,True,True,True,True,0.015327239,0.022307009,5.9604645e-07,0.10377291,0.10377291,0.027435113,0.7734013,True,True,True,False,False,True,100.0,0.0,2021.09.16.15.47.30_veh-45_01199_01391,E2+BEVF
dd671af93db454aa,93fcad227e875121,vehicle,39.19936455557938,0.0,False,far,-1,5.280918970863191,T1,39.03297912279651,3.60786950436745,,,,,,,,,,,,,True,False,True,False,False,True,58.333333333333336,0.0,2021.09.09.14.18.22_veh-48_00322_00895,not_in_GT(far)
deb63152bd9453e0,2b69ee1773d456e2,vehicle,27.450823252344986,0.0,False,in_gt,5,19.937835423709917,T0,25.805507416552622,9.36074164827402,False,False,False,True,True,,,5.9604645e-07,,9.9981165,0.09111458,0.20719667,True,True,False,True,False,True,0.0,47.87950916134265,2021.09.29.19.02.14_veh-28_02911_03005,BEVF_only
decd6b1dd7f65e1e,56b7bb1b38875710,vehicle,22.54624182199003,2.7916033552607216,True,in_gt,0,2.6631790240993043,T0,22.52189056238592,1.0476000150650933,True,False,True,True,True,0.23097874,0.27651814,0.7031707,1.7160482,1.7160482,0.4341351,0.55475104,True,True,False,False,False,True,0.0,0.0,2021.09.29.19.02.14_veh-28_00964_01689,E2+BEVF
df240e44ad0d5c3c,ed112648bde85030,vehicle,28.846376876740976,6.687686691749225,True,in_gt,2,1.088659755395638,T2,28.841169880262512,0.5480682921087201,True,False,True,True,False,6.6660542,6.637699,2.9363778,1.0340987,1.0340987,1.4471463,0.40107659,True,True,False,False,False,True,0.0,0.0,2021.09.09.18.29.25_veh-39_01622_01766,E2+BEVF
e0b92501aa5051b1,ad35e8a82fd05220,vehicle,11.748532521320875,1.6762532943922206,True,in_gt,0,1.0425804880344096,T0,11.746587539416108,0.2137699309268557,True,True,True,True,True,0.78628933,0.08196623,0.0355358,0.053037994,0.053037994,0.036499236,0.9590927,True,True,False,False,False,True,0.0,0.0,2021.06.03.18.47.39_veh-35_00257_00492,E2+BEVF
e3ce6f2ef9765b9a,165bc563be665916,static,20.38917746406931,0.0,False,in_gt,2,-3.8250438015860233,T0,20.34375863157915,-1.3601626378344225,True,True,True,False,False,0.0018317339,0.0019046991,,0.48992547,0.48992547,2.4012935,0.50387555,True,True,False,False,False,True,0.0,0.0,2021.06.28.15.02.02_veh-38_02398_02848,E2_only
e3ee34ba4c0c59fd,b2097ac1d83e5a00,static,21.065172144300178,0.0,False,in_gt,17,-4.154146690219404,T0,21.00982908644092,-1.5259617385574291,True,True,False,True,True,0.002618534,,0.0010767808,1.2160858,0.61172783,0.046714857,0.71635824,True,True,False,True,True,,-70.83333333333333,-41.666666666666664,2021.08.30.16.16.44_veh-40_01099_01351,E2+BEVF
e41740b9529753af,ba1bf00024785184,VRU,23.856709998456633,0.07063332288355469,True,new,-1,4.550349613144279,T1,23.781513686472813,1.8926750197978919,,,,,,,,,,,,,True,False,False,False,False,True,0.0,0.0,2021.09.29.19.02.14_veh-28_00964_01689,not_in_GT(new)
e4c83b8feafe5cb4,f0e6b9547eb059b4,vehicle,23.84479573272347,1.085061168079942,True,in_gt,0,0.6058921101050104,T1,23.843462503289476,0.2521495380444563,True,True,True,True,True,2.5574586,1.5135276,0.2395385,0.8750578,0.8750578,0.3630144,0.8575903,True,True,False,False,False,True,0.0,0.0,2021.09.29.14.44.26_veh-28_00528_00992,E2+BEVF
e5b0b2c83a395163,c77d207ae3c8581d,vehicle,9.834009205678392,0.0,False,in_gt,0,-10.387579236164733,T1,9.672835510559722,-1.773130069403314,False,False,True,True,True,,0.021344231,5.9604645e-07,,9.111475,0.02121399,0.21408843,True,True,True,False,False,True,100.0,0.0,2021.05.25.14.16.10_veh-35_01690_02183,BEVF_only
e6077696f29b54ca,bb019a036b0c50b9,vehicle,15.211115298274354,0.0,False,in_gt,15,39.089781061969354,T0,11.806242188333005,9.591176883355972,True,True,True,True,True,0.06827214,2.6861706,5.9604645e-07,0.37255684,0.3401343,0.03800572,0.73825043,True,True,False,False,False,True,0.0,0.0,2021.09.16.19.27.01_veh-45_01749_03230,E2+BEVF
e6c36a6be3c75127,1ee494a565f75b92,vehicle,30.908790953885067,8.05857364149523,True,in_gt,9,-60.2201867969184,T2,15.351413375452616,-26.826991363306878,True,False,True,True,True,8.065103,8.273445,4.4363146,1.3498245,1.3498247,0.020687385,0.34085912,True,True,False,False,False,True,0.0,0.0,2021.09.16.17.40.09_veh-45_02539_02745,E2+BEVF
e6fd7389cbfb5943,e6873f8659265a7d,vehicle,8.34489867164214,0.0,False,in_gt,0,1.01565918128348,T1,8.343587587899496,0.14791890691941179,True,True,True,True,True,0.0052699703,0.004450753,5.9604645e-07,0.6292859,0.6292859,0.023890499,0.54094416,True,True,False,False,False,True,0.0,0.0,2021.09.16.15.12.03_veh-42_01037_01434,E2+BEVF
e76485315c2c5028,7c55e6ee58cb5594,static,19.93665654475738,0.0,False,in_gt,9,32.96534328704794,T0,16.72685189754604,10.848165733485898,True,False,False,True,True,1.7604591,,0.0015317788,1.9126399,1.9126399,0.03545432,0.5133366,True,True,False,False,False,True,0.0,0.0,2021.05.25.14.16.10_veh-35_03373_03550,E2+BEVF
e7da21c4ef4a5e3f,b79467957bc3511e,vehicle,18.558756554691932,4.474996874059947,True,in_gt,0,1.9523152307683505,T0,18.54798368321424,0.6322548090279856,True,True,True,True,True,1.1827722,1.6358817,1.1273944,0.7071344,0.7071344,0.24086665,0.95919114,True,True,False,False,False,True,0.0,0.0,2021.09.29.14.44.26_veh-28_00528_00992,E2+BEVF
e88e44d720f65e0e,b79467957bc3511e,vehicle,11.214106895745049,1.9863326441791849,True,in_gt,0,-1.796072588109139,T0,11.20859752959259,-0.35147530326830534,True,True,True,True,True,0.558112,0.97433037,0.20313,0.0932346,0.0932346,0.038155694,0.94563967,True,True,False,True,False,True,0.0,58.333333333333336,2021.09.29.14.44.26_veh-28_00528_00992,E2+BEVF
e90d6c211deb5f05,94ccb6f15efc5f27,static,20.86829919048659,0.0,False,in_gt,20,-0.5599068581308903,T1,20.86730277627728,-0.20392632697558177,False,False,True,True,True,,0.011947958,0.0012186043,,2.9583461,0.01539264,0.0,True,True,True,False,False,True,78.72234796205746,0.0,2021.09.29.15.23.04_veh-28_00814_01101,BEVF_only
ead04653ed0c5545,56b7bb1b38875710,vehicle,19.679676738749595,1.965071283695587,True,in_gt,0,5.371586431922768,T0,19.593253664012035,1.8423049148718125,True,False,True,True,True,1.8175095,1.8177662,0.36247617,1.5302031,1.5302032,0.36217692,0.6120179,True,True,False,False,True,,-58.333333333333336,-58.333333333333336,2021.09.29.19.02.14_veh-28_00964_01689,E2+BEVF
eae658a09ef152a9,65e6eaf6b8e15306,static,15.055912038023004,0.0,False,in_gt,7,-6.0542274472547275,T0,14.971937978494756,-1.5879422107848882,True,True,True,True,True,0.022202253,0.011065714,0.0047115167,0.3743555,0.3743555,0.065856524,0.6123735,True,True,True,False,True,,-41.64504640761698,-80.55149017440506,2021.10.06.08.16.17_veh-52_00612_00782,E2+BEVF
eb86e67498595966,06d7e26711785a87,static,8.915753989244564,0.0,False,new,-1,6.791117281940409,T1,8.853199745587165,1.054288130192928,,,,,,,,,,,,,True,False,False,False,False,True,0.0,0.0,2021.10.06.07.26.10_veh-52_01245_02064,not_in_GT(new)
ed105c47e38b55e4,d5600e8de1f5558c,vehicle,21.174446515442806,0.0,False,in_gt,0,0.07128619610626018,T2,21.174430126624802,0.026344791363987596,True,True,True,True,True,0.00084844296,0.036724318,5.9604645e-07,0.47622055,0.47622055,0.07245467,0.9718409,True,True,True,False,False,True,58.333333333333336,0.0,2021.08.30.13.45.25_veh-40_01116_01336,E2+BEVF
ed534c3b8d86515e,3aa5a42d481d5236,vehicle,47.31634911119242,0.0,False,far,-1,1.5459968482722333,T1,47.29912539639224,1.2765696019419899,,,,,,,,,,,,,True,False,False,False,False,True,0.0,0.0,2021.09.29.19.02.14_veh-28_02451_02708,not_in_GT(far)
ee492610c55b5440,fa424b2b36115f9a,vehicle,9.372745353555324,0.7954489347425115,True,in_gt,3,-0.3974511018207079,T0,9.372519848009706,-0.06501662292853183,True,True,True,True,True,0.80605733,0.5711682,0.1287494,0.8262402,0.8262402,0.20998146,0.53610927,True,True,False,False,False,True,0.0,0.0,2021.09.09.14.18.22_veh-48_00322_00895,E2+BEVF
ef34a4f536c5598c,fcbd5f8add3f5723,static,22.90871948464194,0.0,False,in_gt,5,-1.2519694858997947,T1,22.903250637789252,-0.500538358789175,False,False,False,True,True,,,0.0019547406,,5.821148,0.050435927,0.0,True,True,True,True,True,,0.0,-11.695155326011674,2021.09.09.14.18.22_veh-48_01298_01492,BEVF_only
efc8eef1e7b551d9,a70cf9c1d1fa59aa,vehicle,15.656957689991046,0.0,False,in_gt,1,1.2274067543992897,T0,15.653365225149546,0.3353822211278814,True,True,True,True,True,0.0042068553,0.004882984,5.9604645e-07,0.8481452,0.8481452,0.04527705,0.96268845,True,True,True,False,True,,-41.43906211446221,-95.91676286208872,2021.09.16.13.53.10_veh-42_00860_01069,E2+BEVF
f2033bf66332541b,44c3659c317556b5,vehicle,27.638637781312152,0.33943419619334825,False,in_gt,0,-2.013723818848378,T0,27.621569237067163,-0.971190655062335,True,True,True,True,True,2.758119,4.4821124,0.036400672,0.38592795,0.38592795,0.05905818,0.7531352,True,True,False,False,False,True,0.0,0.0,2021.09.09.18.04.06_veh-40_00743_01071,E2+BEVF
f470121c6add5665,c8e64316109f5821,vehicle,44.14273212334062,4.286787904266423,True,far,-1,21.886759572697123,T2,40.961030928390045,16.455234565222156,,,,,,,,,,,,,True,False,False,False,False,True,0.0,0.0,2021.09.16.19.27.01_veh-45_01749_03230,not_in_GT(far)
f512480c969a5eab,fb7a3fe0db425a3a,vehicle,16.96366619602407,4.117393108764116,True,in_gt,0,-2.7134071263859108,T0,16.94464695377809,-0.8030631494152308,True,True,True,True,True,0.56838584,1.2858886,0.5856312,0.37426308,0.3742631,0.04119145,0.9366325,True,True,False,False,False,True,0.0,0.0,2021.06.03.17.06.58_veh-35_02571_02742,E2+BEVF
f53ece8c1cb9562c,e0f8db01b7645d7b,vehicle,46.663874253130665,10.289363802823255,True,far,-1,0.8661448530967387,T2,46.65854239825634,0.7053946286345396,,,,,,,,,,,,,True,False,False,False,False,True,0.0,0.0,2021.06.28.16.29.11_veh-38_03263_03766,not_in_GT(far)
f5ebfa68c2315d0c,dd7d39284a405aca,vehicle,9.287288439753135,0.0,False,in_gt,0,-6.367083216053628,T1,9.230002538497157,-1.0299416015038259,True,True,True,True,True,0.023430603,0.013409337,5.9604645e-07,0.084759146,0.084759146,0.023550674,0.65494204,True,True,True,False,False,True,100.0,0.0,2021.09.16.15.47.30_veh-45_01199_01391,E2+BEVF
f6195258cc20552f,9c67db51639155b7,vehicle,21.802622931661293,2.2122348038325956,True,in_gt,0,1.0457804680621998,T0,21.798991294269708,0.39792618983465644,True,True,True,True,True,2.2791374,3.3416107,0.19182602,0.8082118,0.8082118,0.023461442,0.9673708,True,True,False,False,False,True,0.0,0.0,2021.05.25.14.16.10_veh-35_00083_00485,E2+BEVF
f70c1fa8bbfc5d77,7c893820782b5fa2,vehicle,18.438162842733608,5.110075206560102,True,in_gt,0,1.074215654103953,T0,18.434922338315232,0.3456694887437539,True,True,True,True,True,2.8328276,0.95939684,0.06891811,0.75990474,0.7599048,0.06566921,0.924015,True,True,True,False,False,True,58.333333333333336,0.0,2021.09.09.18.29.25_veh-39_00569_00903,E2+BEVF
f7c57baf089e561b,3ff3cc8f10195010,vehicle,15.039410654808647,5.9779769350683605,True,in_gt,3,0.7533290391875583,T0,15.038110728543531,0.19773355819337812,True,True,True,True,True,0.11588354,1.3877552,0.10562933,0.15180556,0.15180558,0.13875522,0.86159813,True,True,True,False,False,True,58.333333333333336,0.0,2021.06.28.16.29.11_veh-38_03263_03766,E2+BEVF
f7d40806c7045d54,c170999c38ee5895,vehicle,14.907651232613192,0.0,False,in_gt,0,0.701476153571947,T1,14.906533972325361,0.18251083568792748,True,True,True,True,True,0.0126941465,0.002456212,5.9604645e-07,0.1440589,0.1440589,0.018203722,0.9600385,True,True,False,False,True,,-55.014242917954846,-55.014242917954846,2021.09.16.17.40.09_veh-45_02539_02745,E2+BEVF
f8191af1aab95906,bf2be96a10ab544d,vehicle,16.220241489418978,0.9184607857017191,True,in_gt,0,-6.499410292299776,T1,16.115994333937135,-1.8360175934818854,True,True,True,True,True,0.31049028,0.4525359,0.06495548,0.17222342,0.17222342,0.035768162,0.86773384,True,True,False,False,False,True,0.0,0.0,2021.06.28.20.24.43_veh-38_03385_04952,E2+BEVF
f8d3738f77c05163,fa7478d478d75976,vehicle,29.633461722453784,0.0,False,in_gt,2,3.332290469349258,T0,29.583357952067008,1.7224941033301953,True,True,True,True,True,0.009728189,0.022563083,5.9604645e-07,0.2043148,0.2043148,0.02358408,0.44909602,True,True,True,False,True,,0.009006045572890198,-95.2927427719791,2021.09.16.15.47.30_veh-45_01199_01391,E2+BEVF
f962927ff5dc518c,382492be1d1c5d9b,vehicle,14.545080138601968,7.395898120825206,True,in_gt,1,-14.872899889685453,T1,14.057784921704233,-3.7333683629476715,True,True,True,True,True,1.3458631,0.903777,0.24683549,0.41682765,0.41682762,0.10630136,0.9487272,True,True,False,False,False,True,0.0,0.0,2021.05.25.14.16.10_veh-35_01100_01664,E2+BEVF
fa6480e0a896514c,a6431418d1e65858,vehicle,31.78840554720546,0.0,False,in_gt,3,4.866278689848687,T0,31.673820919956395,2.696626700923849,True,False,True,False,False,0.0059103523,0.0010957281,,1.8393492,1.8393492,9.674786,0.3782531,True,True,False,False,False,True,0.0,0.0,2021.09.29.15.23.04_veh-28_00601_00802,E2_only
fab7537b12d254bd,df951133359c5374,vehicle,11.628928927984175,0.7835538129489087,True,in_gt,0,-8.094594295259808,T0,11.51306929236379,-1.6374441918236844,True,True,True,True,True,1.7764568,1.5218105,0.35418096,0.29858258,0.29858258,0.03835077,0.6543762,True,True,False,False,False,True,0.0,0.0,2021.09.09.17.18.51_veh-48_00098_00328,E2+BEVF
fb2a6578f15d5ff5,e860d8fe02c7540e,vehicle,29.784805762542508,0.0,False,in_gt,13,4.420113079804052,T2,29.696218583626056,2.295486036962055,True,True,True,True,True,1.5365527,2.8568928,0.3713539,0.6478086,0.6478086,0.39983317,0.37150696,True,True,True,False,False,True,100.0,0.0,2021.09.29.15.23.04_veh-28_00814_01101,E2+BEVF
fb54b190735e579f,609a5bc319015d3b,vehicle,23.566940136858545,0.0,False,in_gt,5,-31.91916863593845,T0,20.00349737142019,-12.460367583898154,True,True,True,True,True,0.16991487,0.07679247,5.9604645e-07,0.5597132,0.5597132,0.09534703,0.8121717,True,True,True,False,False,True,58.333333333333336,0.0,2021.09.29.15.23.04_veh-28_00814_01101,E2+BEVF
fc1b6762387f5209,9a9bdd1529225786,static,13.943182231310141,0.0,False,in_gt,4,-6.453874030208085,T0,13.854819655665594,-1.5672597246484496,True,True,True,True,True,0.014002482,0.013352504,0.012203601,1.8300147,0.49147484,0.21105295,0.6662237,True,True,False,False,True,,-95.07456698475009,-77.55964084620162,2021.10.06.08.16.17_veh-52_00612_00782,E2+BEVF
