sid,mask,m_col,m_dac,A1_t,A2_t,A3_t,DAC_rec_t,DAC_hFA_t,DAC_A3_t
0,sat,0.0000,0.0000,0.9478,0.0000,0.9538,0.9986,0.0000,0.9946
1,sat,0.0000,0.0500,0.9478,0.0000,0.9533,1.0000,0.0150,0.8376
2,sat,0.0000,0.1000,0.9478,0.0000,0.9577,1.0000,0.0350,0.7014
3,sat,0.0000,0.2000,0.9478,0.0000,0.9509,1.0000,0.0938,0.5390
4,sat,0.0500,0.0000,0.9478,0.0025,0.8782,0.9986,0.0000,0.9946
5,sat,0.0500,0.0500,0.9478,0.0025,0.8963,1.0000,0.0150,0.8373
6,sat,0.0500,0.1000,0.9478,0.0025,0.9000,1.0000,0.0350,0.7018
7,sat,0.0500,0.2000,0.9478,0.0025,0.9015,1.0000,0.0938,0.5398
8,sat,0.1000,0.0000,0.9478,0.0050,0.8370,0.9986,0.0000,0.9946
9,sat,0.1000,0.0500,0.9478,0.0050,0.8358,1.0000,0.0150,0.8376
10,sat,0.1000,0.1000,0.9478,0.0050,0.8429,1.0000,0.0350,0.6992
11,sat,0.1000,0.2000,0.9478,0.0050,0.8445,1.0000,0.0938,0.5405
12,sat,0.1500,0.0000,0.9478,0.0050,0.8014,0.9986,0.0000,0.9920
13,sat,0.1500,0.0500,0.9478,0.0050,0.8050,1.0000,0.0150,0.8380
14,sat,0.1500,0.1000,0.9478,0.0050,0.8099,1.0000,0.0350,0.6998
15,sat,0.1500,0.2000,0.9478,0.0050,0.8134,1.0000,0.0938,0.5398
16,sat,0.2000,0.0000,0.9500,0.0063,0.7585,0.9986,0.0000,0.9946
17,sat,0.2000,0.0500,0.9500,0.0063,0.7560,1.0000,0.0150,0.8361
18,sat,0.2000,0.1000,0.9500,0.0063,0.7679,1.0000,0.0350,0.7002
19,sat,0.2000,0.2000,0.9500,0.0063,0.7671,1.0000,0.0938,0.5405
20,sat,0.3000,0.0000,0.9500,0.0075,0.6813,0.9986,0.0000,0.9947
21,sat,0.3000,0.0500,0.9500,0.0075,0.6794,1.0000,0.0150,0.8368
22,sat,0.3000,0.1000,0.9500,0.0075,0.6800,1.0000,0.0350,0.7022
23,sat,0.3000,0.2000,0.9500,0.0075,0.6839,1.0000,0.0938,0.5405
24,none,0.0000,0.0000,0.9478,0.0000,0.9538,0.9986,0.0000,0.9946
25,none,0.0000,0.0500,0.9478,0.0000,0.9533,1.0000,0.0150,0.8376
26,none,0.0000,0.1000,0.9478,0.0000,0.9577,1.0000,0.0350,0.7014
27,none,0.0000,0.2000,0.9478,0.0000,0.9509,1.0000,0.0938,0.5390
28,none,0.0500,0.0000,0.9478,0.0025,0.8782,0.9986,0.0000,0.9946
29,none,0.0500,0.0500,0.9478,0.0025,0.8963,1.0000,0.0150,0.8373
30,none,0.0500,0.1000,0.9478,0.0025,0.9000,1.0000,0.0350,0.7018
31,none,0.0500,0.2000,0.9478,0.0025,0.9015,1.0000,0.0938,0.5398
32,none,0.1000,0.0000,0.9478,0.0050,0.8370,0.9986,0.0000,0.9946
33,none,0.1000,0.0500,0.9478,0.0050,0.8358,1.0000,0.0150,0.8376
34,none,0.1000,0.1000,0.9478,0.0050,0.8429,1.0000,0.0350,0.6992
35,none,0.1000,0.2000,0.9478,0.0050,0.8445,1.0000,0.0938,0.5405
36,none,0.1500,0.0000,0.9478,0.0050,0.8014,0.9986,0.0000,0.9920
37,none,0.1500,0.0500,0.9478,0.0050,0.8050,1.0000,0.0150,0.8380
38,none,0.1500,0.1000,0.9478,0.0050,0.8099,1.0000,0.0350,0.6998
39,none,0.1500,0.2000,0.9478,0.0050,0.8134,1.0000,0.0938,0.5398
40,none,0.2000,0.0000,0.9500,0.0063,0.7585,0.9986,0.0000,0.9946
41,none,0.2000,0.0500,0.9500,0.0063,0.7560,1.0000,0.0150,0.8361
42,none,0.2000,0.1000,0.9500,0.0063,0.7679,1.0000,0.0350,0.7002
43,none,0.2000,0.2000,0.9500,0.0063,0.7671,1.0000,0.0938,0.5405
44,none,0.3000,0.0000,0.9500,0.0075,0.6813,0.9986,0.0000,0.9947
45,none,0.3000,0.0500,0.9500,0.0075,0.6794,1.0000,0.0150,0.8368
46,none,0.3000,0.1000,0.9500,0.0075,0.6800,1.0000,0.0350,0.7022
47,none,0.3000,0.2000,0.9500,0.0075,0.6839,1.0000,0.0938,0.5405
