sid,mask,m_col,m_dac,A1,A1_lo,A1_hi,A2,A2_lo,A2_hi,A3,A3_lo,A3_hi,A3_k,A3_n,DAC_rec,DAC_rec_lo,DAC_rec_hi,DAC_fpr,DAC_hFA,DAC_hFA_lo,DAC_hFA_hi,DAC_A3,NC_fpr,nc_fixed,nc_new,dac_fixed,dac_new,dPDMS,res_nc,res_nc_invisible,res_nc_inv_tracked,feasible,n_failed,shortfall
0,sat,0.0000,0.0000,0.8783,0.8448,0.9106,0.0000,0.0000,0.0000,0.6190,0.5672,0.6659,260,420,0.8750,0.8385,0.9109,0.0115,0.0050,0.0013,0.0100,0.5635,0.0073,268,0,370,7,0.0524,192,153,130,True,0,0.0000
1,sat,0.0000,0.0500,0.8783,0.8448,0.9106,0.0000,0.0000,0.0000,0.6238,0.5760,0.6723,262,420,0.9038,0.8670,0.9371,0.0183,0.0088,0.0025,0.0163,0.5518,0.0073,270,0,391,6,0.0544,190,150,127,True,0,0.0000
2,sat,0.0000,0.1000,0.8783,0.8448,0.9106,0.0000,0.0000,0.0000,0.6262,0.5767,0.6744,263,420,0.9203,0.8838,0.9522,0.0314,0.0187,0.0100,0.0288,0.5297,0.0073,270,0,416,6,0.0570,190,149,126,True,0,0.0000
3,sat,0.0000,0.2000,0.8783,0.8448,0.9106,0.0000,0.0000,0.0000,0.6262,0.5795,0.6754,263,420,0.9313,0.8968,0.9615,0.0735,0.0600,0.0437,0.0775,0.4397,0.0073,271,1,449,6,0.0608,190,152,128,False,1,0.0400
4,sat,0.0500,0.0000,0.8826,0.8493,0.9146,0.0000,0.0000,0.0000,0.6317,0.5875,0.6767,271,429,0.8750,0.8385,0.9109,0.0115,0.0050,0.0013,0.0100,0.5627,0.0089,279,0,369,7,0.0532,181,137,113,True,0,0.0000
5,sat,0.0500,0.0500,0.8826,0.8493,0.9146,0.0000,0.0000,0.0000,0.6364,0.5924,0.6798,273,429,0.9038,0.8670,0.9371,0.0183,0.0088,0.0025,0.0163,0.5501,0.0089,281,0,390,7,0.0554,179,135,112,True,0,0.0000
6,sat,0.0500,0.1000,0.8826,0.8493,0.9146,0.0000,0.0000,0.0000,0.6397,0.5941,0.6854,277,433,0.9203,0.8838,0.9522,0.0314,0.0187,0.0100,0.0288,0.5325,0.0089,285,0,418,6,0.0583,175,135,112,True,0,0.0000
7,sat,0.0500,0.2000,0.8826,0.8493,0.9146,0.0000,0.0000,0.0000,0.6374,0.5912,0.6827,276,433,0.9313,0.8968,0.9615,0.0735,0.0600,0.0437,0.0775,0.4431,0.0089,286,1,453,6,0.0622,175,137,113,False,1,0.0400
8,sat,0.1000,0.0000,0.8891,0.8574,0.9192,0.0000,0.0000,0.0000,0.6272,0.5828,0.6729,281,448,0.8750,0.8385,0.9109,0.0115,0.0050,0.0013,0.0100,0.5660,0.0112,292,0,371,8,0.0542,168,126,103,True,0,0.0000
9,sat,0.1000,0.0500,0.8891,0.8574,0.9192,0.0000,0.0000,0.0000,0.6244,0.5794,0.6705,281,450,0.9038,0.8670,0.9371,0.0183,0.0088,0.0025,0.0163,0.5501,0.0112,291,0,391,6,0.0565,169,128,105,True,0,0.0000
10,sat,0.1000,0.1000,0.8891,0.8574,0.9192,0.0000,0.0000,0.0000,0.6253,0.5806,0.6731,282,451,0.9203,0.8838,0.9522,0.0314,0.0187,0.0100,0.0288,0.5311,0.0112,293,0,417,6,0.0593,167,127,104,True,0,0.0000
11,sat,0.1000,0.2000,0.8891,0.8574,0.9192,0.0000,0.0000,0.0000,0.6325,0.5906,0.6772,284,449,0.9313,0.8968,0.9615,0.0735,0.0600,0.0437,0.0775,0.4467,0.0112,294,1,455,6,0.0631,167,125,102,False,1,0.0400
12,sat,0.1500,0.0000,0.9065,0.8783,0.9339,0.0025,0.0000,0.0063,0.6154,0.5684,0.6639,288,468,0.8750,0.8385,0.9109,0.0115,0.0050,0.0013,0.0100,0.5660,0.0139,303,0,371,8,0.0553,157,108,85,True,0,0.0000
13,sat,0.1500,0.0500,0.9065,0.8783,0.9339,0.0025,0.0000,0.0063,0.6077,0.5618,0.6558,285,469,0.9038,0.8670,0.9371,0.0183,0.0088,0.0025,0.0163,0.5491,0.0139,300,0,391,6,0.0571,160,112,89,True,0,0.0000
14,sat,0.1500,0.1000,0.9065,0.8783,0.9339,0.0025,0.0000,0.0063,0.6115,0.5657,0.6547,288,471,0.9203,0.8838,0.9522,0.0314,0.0187,0.0100,0.0288,0.5310,0.0139,301,0,417,6,0.0600,159,111,88,True,0,0.0000
15,sat,0.1500,0.2000,0.9065,0.8783,0.9339,0.0025,0.0000,0.0063,0.6098,0.5669,0.6547,286,469,0.9313,0.8968,0.9615,0.0735,0.0600,0.0437,0.0775,0.4467,0.0139,301,1,455,6,0.0639,160,112,89,False,1,0.0400
16,sat,0.2000,0.0000,0.9217,0.8958,0.9460,0.0037,0.0000,0.0088,0.5960,0.5494,0.6437,295,495,0.8750,0.8385,0.9109,0.0115,0.0050,0.0013,0.0100,0.5617,0.0172,313,0,369,7,0.0561,147,91,68,False,1,0.0040
17,sat,0.2000,0.0500,0.9217,0.8958,0.9460,0.0037,0.0000,0.0088,0.5900,0.5431,0.6385,295,500,0.9038,0.8670,0.9371,0.0183,0.0088,0.0025,0.0163,0.5505,0.0172,311,0,392,6,0.0584,149,96,73,False,1,0.0100
18,sat,0.2000,0.1000,0.9217,0.8958,0.9460,0.0037,0.0000,0.0088,0.5904,0.5434,0.6392,294,498,0.9203,0.8838,0.9522,0.0314,0.0187,0.0100,0.0288,0.5310,0.0172,309,0,417,6,0.0609,151,95,72,False,1,0.0096
19,sat,0.2000,0.2000,0.9217,0.8958,0.9460,0.0037,0.0000,0.0088,0.6012,0.5540,0.6502,297,494,0.9313,0.8968,0.9615,0.0735,0.0600,0.0437,0.0775,0.4452,0.0172,314,0,454,6,0.0650,146,90,67,False,1,0.0400
20,sat,0.3000,0.0000,0.9304,0.9041,0.9535,0.0075,0.0025,0.0138,0.5701,0.5160,0.6248,309,542,0.8750,0.8385,0.9109,0.0115,0.0050,0.0013,0.0100,0.5694,0.0271,334,0,375,8,0.0584,126,69,47,False,1,0.0299
21,sat,0.3000,0.0500,0.9304,0.9041,0.9535,0.0075,0.0025,0.0138,0.5664,0.5145,0.6197,307,542,0.9038,0.8670,0.9371,0.0183,0.0088,0.0025,0.0163,0.5505,0.0271,330,0,392,7,0.0599,130,70,48,False,1,0.0336
22,sat,0.3000,0.1000,0.9304,0.9041,0.9535,0.0075,0.0025,0.0138,0.5599,0.5088,0.6119,304,543,0.9203,0.8838,0.9522,0.0314,0.0187,0.0100,0.0288,0.5337,0.0271,328,0,421,6,0.0630,132,72,50,False,1,0.0401
23,sat,0.3000,0.2000,0.9304,0.9041,0.9535,0.0075,0.0025,0.0138,0.5683,0.5145,0.6237,308,542,0.9313,0.8968,0.9615,0.0735,0.0600,0.0437,0.0775,0.4473,0.0271,335,0,457,6,0.0667,125,68,46,False,2,0.0717
24,none,0.0000,0.0000,0.8783,0.8448,0.9106,0.0000,0.0000,0.0000,0.6190,0.5672,0.6659,260,420,0.8750,0.8385,0.9109,0.0115,0.0050,0.0013,0.0100,0.5635,0.0073,268,0,370,7,0.0524,192,153,130,True,0,0.0000
25,none,0.0000,0.0500,0.8783,0.8448,0.9106,0.0000,0.0000,0.0000,0.6238,0.5760,0.6723,262,420,0.9038,0.8670,0.9371,0.0183,0.0088,0.0025,0.0163,0.5518,0.0073,270,0,391,6,0.0544,190,150,127,True,0,0.0000
26,none,0.0000,0.1000,0.8783,0.8448,0.9106,0.0000,0.0000,0.0000,0.6262,0.5767,0.6744,263,420,0.9203,0.8838,0.9522,0.0314,0.0187,0.0100,0.0288,0.5297,0.0073,270,0,416,6,0.0570,190,149,126,True,0,0.0000
27,none,0.0000,0.2000,0.8783,0.8448,0.9106,0.0000,0.0000,0.0000,0.6262,0.5795,0.6754,263,420,0.9313,0.8968,0.9615,0.0735,0.0600,0.0437,0.0775,0.4397,0.0073,271,1,449,6,0.0608,190,152,128,False,1,0.0400
28,none,0.0500,0.0000,0.8826,0.8493,0.9146,0.0000,0.0000,0.0000,0.6317,0.5875,0.6767,271,429,0.8750,0.8385,0.9109,0.0115,0.0050,0.0013,0.0100,0.5627,0.0089,279,0,369,7,0.0532,181,137,113,True,0,0.0000
29,none,0.0500,0.0500,0.8826,0.8493,0.9146,0.0000,0.0000,0.0000,0.6364,0.5924,0.6798,273,429,0.9038,0.8670,0.9371,0.0183,0.0088,0.0025,0.0163,0.5501,0.0089,281,0,390,7,0.0554,179,135,112,True,0,0.0000
30,none,0.0500,0.1000,0.8826,0.8493,0.9146,0.0000,0.0000,0.0000,0.6397,0.5941,0.6854,277,433,0.9203,0.8838,0.9522,0.0314,0.0187,0.0100,0.0288,0.5325,0.0089,285,0,418,6,0.0583,175,135,112,True,0,0.0000
31,none,0.0500,0.2000,0.8826,0.8493,0.9146,0.0000,0.0000,0.0000,0.6374,0.5912,0.6827,276,433,0.9313,0.8968,0.9615,0.0735,0.0600,0.0437,0.0775,0.4431,0.0089,286,1,453,6,0.0622,175,137,113,False,1,0.0400
32,none,0.1000,0.0000,0.8891,0.8574,0.9192,0.0000,0.0000,0.0000,0.6272,0.5828,0.6729,281,448,0.8750,0.8385,0.9109,0.0115,0.0050,0.0013,0.0100,0.5660,0.0112,292,0,371,8,0.0542,168,126,103,True,0,0.0000
33,none,0.1000,0.0500,0.8891,0.8574,0.9192,0.0000,0.0000,0.0000,0.6244,0.5794,0.6705,281,450,0.9038,0.8670,0.9371,0.0183,0.0088,0.0025,0.0163,0.5501,0.0112,291,0,391,6,0.0565,169,128,105,True,0,0.0000
34,none,0.1000,0.1000,0.8891,0.8574,0.9192,0.0000,0.0000,0.0000,0.6253,0.5806,0.6731,282,451,0.9203,0.8838,0.9522,0.0314,0.0187,0.0100,0.0288,0.5311,0.0112,293,0,417,6,0.0593,167,127,104,True,0,0.0000
35,none,0.1000,0.2000,0.8891,0.8574,0.9192,0.0000,0.0000,0.0000,0.6325,0.5906,0.6772,284,449,0.9313,0.8968,0.9615,0.0735,0.0600,0.0437,0.0775,0.4467,0.0112,294,1,455,6,0.0631,167,125,102,False,1,0.0400
36,none,0.1500,0.0000,0.9065,0.8783,0.9339,0.0025,0.0000,0.0063,0.6154,0.5684,0.6639,288,468,0.8750,0.8385,0.9109,0.0115,0.0050,0.0013,0.0100,0.5660,0.0139,303,0,371,8,0.0553,157,108,85,True,0,0.0000
37,none,0.1500,0.0500,0.9065,0.8783,0.9339,0.0025,0.0000,0.0063,0.6077,0.5618,0.6558,285,469,0.9038,0.8670,0.9371,0.0183,0.0088,0.0025,0.0163,0.5491,0.0139,300,0,391,6,0.0571,160,112,89,True,0,0.0000
38,none,0.1500,0.1000,0.9065,0.8783,0.9339,0.0025,0.0000,0.0063,0.6115,0.5657,0.6547,288,471,0.9203,0.8838,0.9522,0.0314,0.0187,0.0100,0.0288,0.5310,0.0139,301,0,417,6,0.0600,159,111,88,True,0,0.0000
39,none,0.1500,0.2000,0.9065,0.8783,0.9339,0.0025,0.0000,0.0063,0.6098,0.5669,0.6547,286,469,0.9313,0.8968,0.9615,0.0735,0.0600,0.0437,0.0775,0.4467,0.0139,301,1,455,6,0.0639,160,112,89,False,1,0.0400
40,none,0.2000,0.0000,0.9217,0.8958,0.9460,0.0037,0.0000,0.0088,0.5960,0.5494,0.6437,295,495,0.8750,0.8385,0.9109,0.0115,0.0050,0.0013,0.0100,0.5617,0.0172,313,0,369,7,0.0561,147,91,68,False,1,0.0040
41,none,0.2000,0.0500,0.9217,0.8958,0.9460,0.0037,0.0000,0.0088,0.5900,0.5431,0.6385,295,500,0.9038,0.8670,0.9371,0.0183,0.0088,0.0025,0.0163,0.5505,0.0172,311,0,392,6,0.0584,149,96,73,False,1,0.0100
42,none,0.2000,0.1000,0.9217,0.8958,0.9460,0.0037,0.0000,0.0088,0.5904,0.5434,0.6392,294,498,0.9203,0.8838,0.9522,0.0314,0.0187,0.0100,0.0288,0.5310,0.0172,309,0,417,6,0.0609,151,95,72,False,1,0.0096
43,none,0.2000,0.2000,0.9217,0.8958,0.9460,0.0037,0.0000,0.0088,0.6012,0.5540,0.6502,297,494,0.9313,0.8968,0.9615,0.0735,0.0600,0.0437,0.0775,0.4452,0.0172,314,0,454,6,0.0650,146,90,67,False,1,0.0400
44,none,0.3000,0.0000,0.9304,0.9041,0.9535,0.0075,0.0025,0.0138,0.5701,0.5160,0.6248,309,542,0.8750,0.8385,0.9109,0.0115,0.0050,0.0013,0.0100,0.5694,0.0271,334,0,375,8,0.0584,126,69,47,False,1,0.0299
45,none,0.3000,0.0500,0.9304,0.9041,0.9535,0.0075,0.0025,0.0138,0.5664,0.5145,0.6197,307,542,0.9038,0.8670,0.9371,0.0183,0.0088,0.0025,0.0163,0.5505,0.0271,330,0,392,7,0.0599,130,70,48,False,1,0.0336
46,none,0.3000,0.1000,0.9304,0.9041,0.9535,0.0075,0.0025,0.0138,0.5599,0.5088,0.6119,304,543,0.9203,0.8838,0.9522,0.0314,0.0187,0.0100,0.0288,0.5337,0.0271,328,0,421,6,0.0630,132,72,50,False,1,0.0401
47,none,0.3000,0.2000,0.9304,0.9041,0.9535,0.0075,0.0025,0.0138,0.5683,0.5145,0.6237,308,542,0.9313,0.8968,0.9615,0.0735,0.0600,0.0437,0.0775,0.4473,0.0271,335,0,457,6,0.0667,125,68,46,False,2,0.0717
