token,log
153c6b07f09d53d1,2021.05.12.19.36.12_veh-35_00005_00204
1aa44d46e4ab5bc7,2021.05.12.19.36.12_veh-35_00005_00204
337f969ae6fc59a2,2021.05.12.22.00.38_veh-35_00129_00204
555ee11cc83a5295,2021.05.12.22.00.38_veh-35_00129_00204
b79898cc0d8c53d9,2021.05.12.22.00.38_veh-35_00129_00204
ba17aba316345b0c,2021.05.12.22.00.38_veh-35_00129_00204
f28d75d84ad852e5,2021.05.12.22.00.38_veh-35_00129_00204
ff75a396218d522d,2021.05.12.22.00.38_veh-35_00129_00204
1a3bfb1ae5975387,2021.05.12.22.28.35_veh-35_00025_00115
3dd7ea0c7fd051d8,2021.05.12.22.28.35_veh-35_00025_00115
4f2dc1eeee805be0,2021.05.12.22.28.35_veh-35_00025_00115
702bcd26682d50b1,2021.05.12.22.28.35_veh-35_00025_00115
e51b6c220ada5a36,2021.05.12.22.28.35_veh-35_00025_00115
eb76ff384a6d571b,2021.05.12.22.28.35_veh-35_00025_00115
f30672fe2e955483,2021.05.12.22.28.35_veh-35_00025_00115
034502ce0b195b9e,2021.06.08.12.54.54_veh-26_02994_03970
0bf3c3562f1f5cbb,2021.06.08.12.54.54_veh-26_02994_03970
1f89fa2a3bf15cfd,2021.06.08.12.54.54_veh-26_02994_03970
6257ebf5f8f7590e,2021.06.08.12.54.54_veh-26_02994_03970
7c9ada6369fc5402,2021.06.08.12.54.54_veh-26_02994_03970
883dfae428cb5fa7,2021.06.08.12.54.54_veh-26_02994_03970
aadddbb40af555b9,2021.06.08.12.54.54_veh-26_02994_03970
ab837a861a7451ab,2021.06.08.12.54.54_veh-26_02994_03970
c5180b1c5ebe5e3e,2021.06.08.12.54.54_veh-26_02994_03970
d372fd748bb856e8,2021.06.08.12.54.54_veh-26_02994_03970
e02e58cc43de53d4,2021.06.08.12.54.54_veh-26_02994_03970
f56019806782526c,2021.06.08.12.54.54_veh-26_02994_03970
458985cc92fb56f6,2021.06.08.16.31.33_veh-38_01589_02072
5c3547f32b2a5a73,2021.06.08.16.31.33_veh-38_01589_02072
6969a9c560f95ff2,2021.06.08.16.31.33_veh-38_01589_02072
7f4b83d497715f15,2021.06.08.16.31.33_veh-38_01589_02072
7f6c4580a5e95250,2021.06.08.16.31.33_veh-38_01589_02072
aadeb94857bb595a,2021.06.08.16.31.33_veh-38_01589_02072
ca7a4e34fa3b5f04,2021.06.08.16.31.33_veh-38_01589_02072
cafababdc0eb5beb,2021.06.08.16.31.33_veh-38_01589_02072
e12cbfff7fe75c19,2021.06.08.16.31.33_veh-38_01589_02072
e3ee8064666e5996,2021.06.08.16.31.33_veh-38_01589_02072
e7a042ae1353592d,2021.06.08.16.31.33_veh-38_01589_02072
ea82a71c43a6560e,2021.06.08.16.31.33_veh-38_01589_02072
0e2d452f407c528e,2021.06.09.11.54.15_veh-12_05108_05331
31c39179edb754d6,2021.06.09.11.54.15_veh-12_05108_05331
42d9dae06dd159d1,2021.06.09.11.54.15_veh-12_05108_05331
4cd806212c7a59ff,2021.06.09.11.54.15_veh-12_05108_05331
5352c2fbc3d3564e,2021.06.09.11.54.15_veh-12_05108_05331
8b65b3ef08095f46,2021.06.09.11.54.15_veh-12_05108_05331
9386d615a1e75488,2021.06.09.11.54.15_veh-12_05108_05331
9f6b91d9ca3d5f0b,2021.06.09.11.54.15_veh-12_05108_05331
b05c681a81e15d2d,2021.06.09.11.54.15_veh-12_05108_05331
b24cdd952ce6555f,2021.06.09.11.54.15_veh-12_05108_05331
c033f5e1dc165907,2021.06.09.11.54.15_veh-12_05108_05331
e57fd8b4f7845a92,2021.06.09.11.54.15_veh-12_05108_05331
25bf89dcd4e05885,2021.06.09.11.54.15_veh-12_05342_05403
3e61b901bc6757c6,2021.06.09.11.54.15_veh-12_05342_05403
8048764cc4185b1b,2021.06.09.11.54.15_veh-12_05342_05403
eba9eda45d295c17,2021.06.09.11.54.15_veh-12_05342_05403
12f7a1777e415455,2021.06.09.12.51.31_veh-35_00852_01020
4f4c5f98770651d4,2021.06.09.12.51.31_veh-35_00852_01020
514acd0b0f51532c,2021.06.09.12.51.31_veh-35_00852_01020
55e744d004945b62,2021.06.09.12.51.31_veh-35_00852_01020
7c687c0ae567528a,2021.06.09.12.51.31_veh-35_00852_01020
81d61a78b9435bc1,2021.06.09.12.51.31_veh-35_00852_01020
9de62e509f6f50df,2021.06.09.12.51.31_veh-35_00852_01020
ad3ed08746b7507a,2021.06.09.12.51.31_veh-35_00852_01020
b92fb050473f5f61,2021.06.09.12.51.31_veh-35_00852_01020
c41428c588445cf5,2021.06.09.12.51.31_veh-35_00852_01020
e7b71556445550d6,2021.06.09.12.51.31_veh-35_00852_01020
ecb089c5bc9b5893,2021.06.09.12.51.31_veh-35_00852_01020
2127044a60ff5025,2021.06.09.12.51.31_veh-35_03371_03476
29a599642a9b51d7,2021.06.09.12.51.31_veh-35_03371_03476
57636f99674c57f7,2021.06.09.12.51.31_veh-35_03371_03476
86886cf12f505e9d,2021.06.09.12.51.31_veh-35_03371_03476
9097ce23d4325ca2,2021.06.09.12.51.31_veh-35_03371_03476
a6c478a847b95d85,2021.06.09.12.51.31_veh-35_03371_03476
b1cb4293a8d15e18,2021.06.09.12.51.31_veh-35_03371_03476
d8ccc5aa2be852be,2021.06.09.12.51.31_veh-35_03371_03476
3a2c8d3ccd595088,2021.06.09.14.03.17_veh-12_00294_00364
5e71d623893e5a5b,2021.06.09.14.03.17_veh-12_00294_00364
82610d39149158a6,2021.06.09.14.03.17_veh-12_00294_00364
837a286330235257,2021.06.09.14.03.17_veh-12_00294_00364
9aab6dd30ca45186,2021.06.09.14.03.17_veh-12_00294_00364
a7b1a45521e851d7,2021.06.09.14.03.17_veh-12_00294_00364
e5e7955de9aa5b12,2021.06.09.14.03.17_veh-12_00294_00364
199687414f95590f,2021.06.09.14.03.17_veh-12_01883_01955
2c64b7fb68d15a28,2021.06.09.14.03.17_veh-12_01883_01955
451631b82dd757e4,2021.06.09.14.03.17_veh-12_01883_01955
6020b2535b8b5496,2021.06.09.14.03.17_veh-12_01883_01955
639399a1574b5e38,2021.06.09.14.03.17_veh-12_01883_01955
68de785e7dbe5eef,2021.06.09.14.03.17_veh-12_01883_01955
7e564af4a23c5eb6,2021.06.09.14.03.17_veh-12_01883_01955
9cc05eac48d45e7f,2021.06.09.14.03.17_veh-12_01883_01955
c3e3aa54bccb59f6,2021.06.09.14.03.17_veh-12_01883_01955
0461af120ee45dd8,2021.06.09.14.50.36_veh-26_02826_02955
18608416606557ed,2021.06.09.14.50.36_veh-26_02826_02955
3358ac35f0925be9,2021.06.09.14.50.36_veh-26_02826_02955
5385779df4685a12,2021.06.09.14.50.36_veh-26_02826_02955
58be05020c705538,2021.06.09.14.50.36_veh-26_02826_02955
9915a6132edb5b6f,2021.06.09.14.50.36_veh-26_02826_02955
bd40634c00f1577c,2021.06.09.14.50.36_veh-26_02826_02955
e4d2a56f36c45c20,2021.06.09.14.50.36_veh-26_02826_02955
0f023605a35b5d11,2021.06.09.14.50.36_veh-26_03403_03496
1bf56e16e94054aa,2021.06.09.14.50.36_veh-26_03403_03496
31dd46a6c2d65b50,2021.06.09.14.50.36_veh-26_03403_03496
3c735a9be9e855b3,2021.06.09.14.50.36_veh-26_03403_03496
6e73284efa585069,2021.06.09.14.50.36_veh-26_03403_03496
7e7742f9ec7a58cf,2021.06.09.14.50.36_veh-26_03403_03496
8e08480548325f5b,2021.06.09.14.50.36_veh-26_03403_03496
a2f60f9471c65b55,2021.06.09.14.50.36_veh-26_03403_03496
abd8ccf07848522c,2021.06.09.14.50.36_veh-26_03403_03496
d4d3e7fd382d58eb,2021.06.09.14.50.36_veh-26_03403_03496
dce5e78031475d49,2021.06.09.14.50.36_veh-26_03403_03496
ed92e5af4e1e540f,2021.06.09.14.50.36_veh-26_03403_03496
b9fa23467a2658df,2021.06.09.14.50.36_veh-26_05225_05311
c80fda921d4950ab,2021.06.09.14.50.36_veh-26_05225_05311
374d2b10ec33582a,2021.06.09.14.58.55_veh-35_01095_01484
6c72f8cc08885210,2021.06.09.14.58.55_veh-35_01095_01484
a5b688a7ab525099,2021.06.09.14.58.55_veh-35_01095_01484
da0d50bb8992584e,2021.06.09.14.58.55_veh-35_01095_01484
e44b2ad39ebd54a0,2021.06.09.14.58.55_veh-35_01095_01484
1470a4f707cf5051,2021.06.09.14.58.55_veh-35_01894_02311
202ff7d6365d5c71,2021.06.09.14.58.55_veh-35_01894_02311
2128f0b797e15fff,2021.06.09.14.58.55_veh-35_01894_02311
2d3192195e16570a,2021.06.09.14.58.55_veh-35_01894_02311
2f6cc40e43ba5521,2021.06.09.14.58.55_veh-35_01894_02311
3f12b84004b15310,2021.06.09.14.58.55_veh-35_01894_02311
7050a02837a95d06,2021.06.09.14.58.55_veh-35_01894_02311
971121ac96955620,2021.06.09.14.58.55_veh-35_01894_02311
b96fe7b489955311,2021.06.09.14.58.55_veh-35_01894_02311
c1a91b1a95245bdd,2021.06.09.14.58.55_veh-35_01894_02311
edbbc63ae197552e,2021.06.09.14.58.55_veh-35_01894_02311
ffcc82847bfb5568,2021.06.09.14.58.55_veh-35_01894_02311
736ab61e7c9e5a9f,2021.06.09.14.58.55_veh-35_04541_04657
73b953b0b5d353eb,2021.06.09.14.58.55_veh-35_04541_04657
73ceb307b591568c,2021.06.09.14.58.55_veh-35_04541_04657
a0b781a5e26a5864,2021.06.09.14.58.55_veh-35_04541_04657
fff36375973952bc,2021.06.09.14.58.55_veh-35_04541_04657
122ad34312df5ec8,2021.06.09.17.37.09_veh-12_00404_00864
2586ae36dd5d54d4,2021.06.09.17.37.09_veh-12_00404_00864
307ad47820115ece,2021.06.09.17.37.09_veh-12_00404_00864
330167a2cf2e566a,2021.06.09.17.37.09_veh-12_00404_00864
60e9efd4dfd55158,2021.06.09.17.37.09_veh-12_00404_00864
60f00f03725c5569,2021.06.09.17.37.09_veh-12_00404_00864
6dcc2f314a0b578a,2021.06.09.17.37.09_veh-12_00404_00864
8c046c0569bf5a42,2021.06.09.17.37.09_veh-12_00404_00864
c0bb708fef5d5e2d,2021.06.09.17.37.09_veh-12_00404_00864
c3238b3e63f25e88,2021.06.09.17.37.09_veh-12_00404_00864
d5c97072defb51f8,2021.06.09.17.37.09_veh-12_00404_00864
fc4ab990e1dc5729,2021.06.09.17.37.09_veh-12_00404_00864
1ab54022e05a56b2,2021.06.09.18.23.43_veh-35_01702_01928
28d01552a4c25cad,2021.06.09.18.23.43_veh-35_01702_01928
32347bd330f955fc,2021.06.09.18.23.43_veh-35_01702_01928
43ac6545b9e058cd,2021.06.09.18.23.43_veh-35_01702_01928
5724e0b67b385009,2021.06.09.18.23.43_veh-35_01702_01928
86e70b83f2af5ccd,2021.06.09.18.23.43_veh-35_01702_01928
96287d0d5e5d5236,2021.06.09.18.23.43_veh-35_01702_01928
a5c410c62b1e5971,2021.06.09.18.23.43_veh-35_01702_01928
b020626fa7485a6d,2021.06.09.18.23.43_veh-35_01702_01928
bf4effc247415514,2021.06.09.18.23.43_veh-35_01702_01928
c2a14ec9580252e3,2021.06.09.18.23.43_veh-35_01702_01928
0459b0a614fb58d2,2021.06.09.18.23.43_veh-35_01939_02025
1f39e2e8055e5c99,2021.06.09.18.23.43_veh-35_01939_02025
3b3ac9e08a4852e4,2021.06.09.18.23.43_veh-35_01939_02025
5ce09372239a5f0b,2021.06.09.18.23.43_veh-35_01939_02025
5f1ce500db46581e,2021.06.09.18.23.43_veh-35_01939_02025
b07dcf9d143c5fa2,2021.06.09.18.23.43_veh-35_01939_02025
bbf4730d0e715592,2021.06.09.18.23.43_veh-35_01939_02025
00d97afafc5d5645,2021.06.09.18.23.43_veh-35_02945_03099
5f06d160f7ef5375,2021.06.09.18.23.43_veh-35_02945_03099
74fd9eed5b7d5af8,2021.06.09.18.23.43_veh-35_02945_03099
d90466c1546c59b7,2021.06.09.18.23.43_veh-35_02945_03099
fa9768f6b4705948,2021.06.09.18.23.43_veh-35_02945_03099
1dd5e9b30c5f5908,2021.06.09.19.40.26_veh-12_00279_01212
27c2be7de560545d,2021.06.09.19.40.26_veh-12_00279_01212
2fdfc63e872c5201,2021.06.09.19.40.26_veh-12_00279_01212
4ab9499dc42b520f,2021.06.09.19.40.26_veh-12_00279_01212
4da932fb79185c77,2021.06.09.19.40.26_veh-12_00279_01212
7b32b74986715952,2021.06.09.19.40.26_veh-12_00279_01212
962fcc048af952a1,2021.06.09.19.40.26_veh-12_00279_01212
9637af8646bf5323,2021.06.09.19.40.26_veh-12_00279_01212
a543b967ad345483,2021.06.09.19.40.26_veh-12_00279_01212
ca053346b2465038,2021.06.09.19.40.26_veh-12_00279_01212
ed613f525381532a,2021.06.09.19.40.26_veh-12_00279_01212
eeaf6f90fc2b5734,2021.06.09.19.40.26_veh-12_00279_01212
26c75c90615d5728,2021.06.09.19.40.26_veh-12_01241_01510
38ec22152072524c,2021.06.09.19.40.26_veh-12_01241_01510
3c0eeee5bd2e535a,2021.06.09.19.40.26_veh-12_01241_01510
49fa123f77c1589d,2021.06.09.19.40.26_veh-12_01241_01510
8ee909f3a9b65124,2021.06.09.19.40.26_veh-12_01241_01510
a741a853e9465d65,2021.06.09.19.40.26_veh-12_01241_01510
eaf633b351a35fac,2021.06.09.19.40.26_veh-12_01241_01510
ef00d96f77305cd4,2021.06.09.19.40.26_veh-12_01241_01510
f47b259046405a8d,2021.06.09.19.40.26_veh-12_01241_01510
458609f23c6d5252,2021.06.14.13.27.42_veh-35_04596_04692
4b30fba1e77357e6,2021.06.14.13.27.42_veh-35_04596_04692
97dedc93367a5030,2021.06.14.13.27.42_veh-35_04596_04692
da69466b01f35018,2021.06.14.13.27.42_veh-35_04596_04692
da9220556b435722,2021.06.14.13.27.42_veh-35_04596_04692
fb495c4db72c5dab,2021.06.14.13.27.42_veh-35_04596_04692
0ef2e75dab3b57f4,2021.06.14.13.28.41_veh-12_01138_01284
2530f9c5bf8851bd,2021.06.14.13.28.41_veh-12_01138_01284
3b4a3d1080295b0f,2021.06.14.13.28.41_veh-12_01138_01284
5ff7164eec4a5ae4,2021.06.14.13.28.41_veh-12_01138_01284
642b23e993ea57ed,2021.06.14.13.28.41_veh-12_01138_01284
99459b5abbba5fa7,2021.06.14.13.28.41_veh-12_01138_01284
f19797489c01502e,2021.06.14.13.28.41_veh-12_01138_01284
f50ca342d60c5784,2021.06.14.13.28.41_veh-12_01138_01284
fa9ce212ba9d5109,2021.06.14.13.28.41_veh-12_01138_01284
06b32631f9385aff,2021.06.14.14.25.15_veh-26_02376_02575
5eb31c3d259c5f85,2021.06.14.14.25.15_veh-26_02376_02575
874d7fca5aa55e53,2021.06.14.14.25.15_veh-26_02376_02575
a9deb1cf6ec9545e,2021.06.14.14.25.15_veh-26_02376_02575
cd2a5ff3f52d5f18,2021.06.14.14.25.15_veh-26_02376_02575
d302ec65b3db5f36,2021.06.14.14.25.15_veh-26_02376_02575
4b72b1d1474155f8,2021.06.14.16.32.09_veh-35_00100_00272
59cf8af035f158be,2021.06.14.16.32.09_veh-35_00100_00272
7eb7a0efb6bb5be8,2021.06.14.16.32.09_veh-35_00100_00272
7f03142f6de052b8,2021.06.14.16.32.09_veh-35_00100_00272
02cd95ce41015812,2021.06.14.16.48.02_veh-12_00285_00574
0c841fb7d45e5db7,2021.06.14.16.48.02_veh-12_00285_00574
4103e29f91cb5641,2021.06.14.16.48.02_veh-12_00285_00574
4ae19e317e725bad,2021.06.14.16.48.02_veh-12_00285_00574
4bc77d5e350259d6,2021.06.14.16.48.02_veh-12_00285_00574
4d43efd7c6635992,2021.06.14.16.48.02_veh-12_00285_00574
a74d13eb49d9555b,2021.06.14.16.48.02_veh-12_00285_00574
c20bd041f4e15cdd,2021.06.14.16.48.02_veh-12_00285_00574
fbdd92e6e890501f,2021.06.14.16.48.02_veh-12_00285_00574
16c6d61ab6bd591f,2021.06.14.16.48.02_veh-12_01880_02198
18e99e4b3f2b5ceb,2021.06.14.16.48.02_veh-12_01880_02198
2e1ce2d881795c44,2021.06.14.16.48.02_veh-12_01880_02198
4a00563ff4d65c39,2021.06.14.16.48.02_veh-12_01880_02198
707099451eca5690,2021.06.14.16.48.02_veh-12_01880_02198
710b59c7c6335df3,2021.06.14.16.48.02_veh-12_01880_02198
76639b14e9565a52,2021.06.14.16.48.02_veh-12_01880_02198
7b9e27de90f95b43,2021.06.14.16.48.02_veh-12_01880_02198
d854202aa6c9566f,2021.06.14.16.48.02_veh-12_01880_02198
df28b001f2a45aa0,2021.06.14.16.48.02_veh-12_01880_02198
f1f19e497f1b55b4,2021.06.14.16.48.02_veh-12_01880_02198
f462b94b35de5f58,2021.06.14.16.48.02_veh-12_01880_02198
175a6b3828495ed8,2021.06.14.16.48.02_veh-12_04783_04967
1be40c92b4f5558f,2021.06.14.16.48.02_veh-12_04783_04967
26a93cca19305388,2021.06.14.16.48.02_veh-12_04783_04967
424fcfe1fdc15692,2021.06.14.16.48.02_veh-12_04783_04967
4e2a684359c150b2,2021.06.14.16.48.02_veh-12_04783_04967
55d02eef5656533c,2021.06.14.16.48.02_veh-12_04783_04967
58dbb6ce829c58d9,2021.06.14.16.48.02_veh-12_04783_04967
827c512974395519,2021.06.14.16.48.02_veh-12_04783_04967
b663343f65cd5e92,2021.06.14.16.48.02_veh-12_04783_04967
b71f419cf3745500,2021.06.14.16.48.02_veh-12_04783_04967
f66398123ef955aa,2021.06.14.16.48.02_veh-12_04783_04967
fcd74ddda22f5ae0,2021.06.14.16.48.02_veh-12_04783_04967
28cd6d89fddb56bd,2021.06.14.17.26.26_veh-38_00104_00944
2ac80b85b55e5bf5,2021.06.14.17.26.26_veh-38_00104_00944
3822fbc239f55d2e,2021.06.14.17.26.26_veh-38_00104_00944
38dbe668cf98598f,2021.06.14.17.26.26_veh-38_00104_00944
5823d3fd8ca65dc2,2021.06.14.17.26.26_veh-38_00104_00944
72a2241290895418,2021.06.14.17.26.26_veh-38_00104_00944
810706578b5a5589,2021.06.14.17.26.26_veh-38_00104_00944
998ce7dd5e375d1c,2021.06.14.17.26.26_veh-38_00104_00944
9c23958c03ca586d,2021.06.14.17.26.26_veh-38_00104_00944
ba931beabcad5cc9,2021.06.14.17.26.26_veh-38_00104_00944
c6acb9a02fce511a,2021.06.14.17.26.26_veh-38_00104_00944
e663517245025f5b,2021.06.14.17.26.26_veh-38_00104_00944
10a067c6ac2b56d9,2021.06.14.17.26.26_veh-38_03238_03403
121cbf6d4324566c,2021.06.14.17.26.26_veh-38_03238_03403
369c6e0bf6635764,2021.06.14.17.26.26_veh-38_03238_03403
859da10195d05e34,2021.06.14.17.26.26_veh-38_03238_03403
87b9b2062536545c,2021.06.14.17.26.26_veh-38_03238_03403
be47c6f785e356c6,2021.06.14.17.26.26_veh-38_03238_03403
18d1213bbf595c80,2021.06.14.17.26.26_veh-38_05760_05896
28648b4cf42b577d,2021.06.14.17.26.26_veh-38_05760_05896
3f3c95be5ca558f5,2021.06.14.17.26.26_veh-38_05760_05896
444fa207a3f450d7,2021.06.14.17.26.26_veh-38_05760_05896
65db59e88f785c75,2021.06.14.17.26.26_veh-38_05760_05896
8675d6fcf2c35dab,2021.06.14.17.26.26_veh-38_05760_05896
9f3b3625575e58e6,2021.06.14.17.26.26_veh-38_05760_05896
bcabc19a59ef504d,2021.06.14.17.26.26_veh-38_05760_05896
df1cf8a0f97d5d4a,2021.06.14.17.26.26_veh-38_05760_05896
15fef026bc085aab,2021.06.14.18.13.35_veh-26_00027_00215
626e865872b45de8,2021.06.14.18.13.35_veh-26_00027_00215
904b5407617a5f65,2021.06.14.18.13.35_veh-26_00027_00215
b9d304ef02da5f01,2021.06.14.18.13.35_veh-26_00027_00215
cd803bd18ff95a89,2021.06.14.18.13.35_veh-26_00027_00215
dd1ba74cb2e55826,2021.06.14.18.13.35_veh-26_00027_00215
e64995138406580f,2021.06.14.18.13.35_veh-26_00027_00215
e6b656d90f755e7a,2021.06.14.18.13.35_veh-26_00027_00215
f0ff3b146af85463,2021.06.14.18.13.35_veh-26_00027_00215
0d29cccb59ee53b3,2021.06.14.18.42.45_veh-12_00016_00185
2f0c5bd5973c5bea,2021.06.14.18.42.45_veh-12_00016_00185
60bc8622bf205130,2021.06.14.18.42.45_veh-12_00016_00185
64fe041afaed5957,2021.06.14.18.42.45_veh-12_00016_00185
75f4ba3e782b5b99,2021.06.14.18.42.45_veh-12_00016_00185
8e96b5005f9551cb,2021.06.14.18.42.45_veh-12_00016_00185
9c7b474537d850db,2021.06.14.18.42.45_veh-12_00016_00185
aeb3bbb25a5c505b,2021.06.14.18.42.45_veh-12_00016_00185
c7fdd7b3799d5623,2021.06.14.18.42.45_veh-12_00016_00185
cceff841d8e5598e,2021.06.14.18.42.45_veh-12_00016_00185
d3b7ab3fc3a95c97,2021.06.14.18.42.45_veh-12_00016_00185
f646035396c356df,2021.06.14.18.42.45_veh-12_00016_00185
069b2a364e565b3f,2021.06.14.18.42.45_veh-12_00968_01052
1298a8477a2857bb,2021.06.14.18.42.45_veh-12_00968_01052
2070b306ab7c597d,2021.06.14.18.42.45_veh-12_00968_01052
210768366dce5a1d,2021.06.14.18.42.45_veh-12_00968_01052
2777431f0bd75c63,2021.06.14.18.42.45_veh-12_00968_01052
2c0d3d2ce788563a,2021.06.14.18.42.45_veh-12_00968_01052
34e4e721e4c25244,2021.06.14.18.42.45_veh-12_00968_01052
5b922fa4ad8a5f23,2021.06.14.18.42.45_veh-12_00968_01052
5d4ca9b034625315,2021.06.14.18.42.45_veh-12_00968_01052
80f40bab72605819,2021.06.14.18.42.45_veh-12_00968_01052
89bc5d885d1451b4,2021.06.14.18.42.45_veh-12_00968_01052
e88576f2bfbc5b99,2021.06.14.18.42.45_veh-12_00968_01052
5f3559557e8c52f5,2021.06.14.18.42.45_veh-12_02233_02300
60e5e266ee845fe1,2021.06.14.18.42.45_veh-12_02233_02300
62aac33cdf5e51ab,2021.06.14.18.42.45_veh-12_02233_02300
8aa1b58ce5275d3d,2021.06.14.18.42.45_veh-12_02233_02300
916ac57e32185f7d,2021.06.14.18.42.45_veh-12_02233_02300
991debe1d51551b5,2021.06.14.18.42.45_veh-12_02233_02300
9ed79dd54a4552d7,2021.06.14.18.42.45_veh-12_02233_02300
b169cc9cc8b95cfb,2021.06.14.18.42.45_veh-12_02233_02300
ea79dff391975db1,2021.06.14.18.42.45_veh-12_02233_02300
077780f7790b584c,2021.06.14.18.42.45_veh-12_03445_03902
22caaed363db5a7f,2021.06.14.18.42.45_veh-12_03445_03902
4605508aca52565f,2021.06.14.18.42.45_veh-12_03445_03902
5f963b1d03305d8b,2021.06.14.18.42.45_veh-12_03445_03902
6580baa8f25e5c85,2021.06.14.18.42.45_veh-12_03445_03902
6c4bbdad99ed5ebb,2021.06.14.18.42.45_veh-12_03445_03902
7b21fede69605315,2021.06.14.18.42.45_veh-12_03445_03902
7d5e9dfc020a5621,2021.06.14.18.42.45_veh-12_03445_03902
8433818723d3544b,2021.06.14.18.42.45_veh-12_03445_03902
889c93341a275efc,2021.06.14.18.42.45_veh-12_03445_03902
d0b354ca0b095a06,2021.06.14.18.42.45_veh-12_03445_03902
df1a6e371df35732,2021.06.14.18.42.45_veh-12_03445_03902
0415078ef83a5ba8,2021.06.14.19.22.11_veh-38_00040_00464
3ea04c7661195a14,2021.06.14.19.22.11_veh-38_00040_00464
4d6d7104a0895ea9,2021.06.14.19.22.11_veh-38_00040_00464
58a11ef564b25968,2021.06.14.19.22.11_veh-38_00040_00464
5c629cac48bd5258,2021.06.14.19.22.11_veh-38_00040_00464
bf1dcb58626c57bb,2021.06.14.19.22.11_veh-38_00040_00464
d19c82b30fa957de,2021.06.14.19.22.11_veh-38_00040_00464
e954e50bf8fe58be,2021.06.14.19.22.11_veh-38_00040_00464
f934432999af54a1,2021.06.14.19.22.11_veh-38_00040_00464
14c03d7eb3265213,2021.06.14.20.14.09_veh-26_00248_00477
1fb88096f19356c8,2021.06.14.20.14.09_veh-26_00248_00477
4c26eea63aec5493,2021.06.14.20.14.09_veh-26_00248_00477
5450f666c5055991,2021.06.14.20.14.09_veh-26_00248_00477
8f2ab6c6c7ab5c58,2021.06.14.20.14.09_veh-26_00248_00477
b78c3941adfa51dd,2021.06.14.20.14.09_veh-26_00248_00477
2980980da23658cb,2021.06.23.16.54.19_veh-35_03299_03425
3082eebcf8585284,2021.06.23.16.54.19_veh-35_03299_03425
57650bb592275b51,2021.06.23.16.54.19_veh-35_03299_03425
5a3c364639d45bfc,2021.06.23.16.54.19_veh-35_03299_03425
6d2239e0d4c95877,2021.06.23.16.54.19_veh-35_03299_03425
6f87ed14fb875739,2021.06.23.16.54.19_veh-35_03299_03425
8ffd036d0e965195,2021.06.23.16.54.19_veh-35_03299_03425
978e0628d2f35757,2021.06.23.16.54.19_veh-35_03299_03425
a8391e8ef25857a3,2021.06.23.16.54.19_veh-35_03299_03425
d26ac588655354c6,2021.06.23.16.54.19_veh-35_03299_03425
d73095e9b6e350d4,2021.06.23.16.54.19_veh-35_03299_03425
db43688fd841568b,2021.06.23.16.54.19_veh-35_03299_03425
153c79c55e2d5e68,2021.06.23.18.23.38_veh-26_00663_01217
2765b10a507b5457,2021.06.23.18.23.38_veh-26_00663_01217
2f2d0303376150fe,2021.06.23.18.23.38_veh-26_00663_01217
372c3c8981cd521b,2021.06.23.18.23.38_veh-26_00663_01217
4bc65989fd605587,2021.06.23.18.23.38_veh-26_00663_01217
5869bf663d075959,2021.06.23.18.23.38_veh-26_00663_01217
86854ea56b3056b0,2021.06.23.18.23.38_veh-26_00663_01217
8a57afca3c805233,2021.06.23.18.23.38_veh-26_00663_01217
9ee33a772c64536e,2021.06.23.18.23.38_veh-26_00663_01217
b69725d408ce5c30,2021.06.23.18.23.38_veh-26_00663_01217
e3e72f4682f65ddc,2021.06.23.18.23.38_veh-26_00663_01217
e77736e5173c5df7,2021.06.23.18.23.38_veh-26_00663_01217
0482ad2057e55b23,2021.06.23.20.00.35_veh-35_00016_00119
71936cb5bf45550b,2021.06.23.20.00.35_veh-35_00016_00119
d3b17f95d02456f8,2021.06.23.20.00.35_veh-35_00016_00119
de3e05140d17528a,2021.06.23.20.00.35_veh-35_00016_00119
e30efbc1ea3a57bf,2021.06.23.20.00.35_veh-35_00016_00119
eb04b55a16175929,2021.06.23.20.00.35_veh-35_00016_00119
1d75861681325af2,2021.07.09.16.12.19_veh-26_04434_04498
450bc8da25a6559b,2021.07.09.16.12.19_veh-26_04434_04498
5fe1634676ea5379,2021.07.09.16.12.19_veh-26_04434_04498
98976a7037ba5553,2021.07.09.16.12.19_veh-26_04434_04498
de3b573501b757db,2021.07.09.16.12.19_veh-26_04434_04498
22dbd752d61453f8,2021.07.09.20.59.12_veh-38_00773_01187
23d1c729039457ac,2021.07.09.20.59.12_veh-38_00773_01187
302bc683e4a253c8,2021.07.09.20.59.12_veh-38_00773_01187
41978cab04cd581f,2021.07.09.20.59.12_veh-38_00773_01187
5d574177f4bd5c10,2021.07.09.20.59.12_veh-38_00773_01187
71723534890056c9,2021.07.09.20.59.12_veh-38_00773_01187
74f8073ac12251da,2021.07.09.20.59.12_veh-38_00773_01187
7a2d58b0b6a655c6,2021.07.09.20.59.12_veh-38_00773_01187
8a2e1c0bb8235cf6,2021.07.09.20.59.12_veh-38_00773_01187
8b033f588e6a5e7f,2021.07.09.20.59.12_veh-38_00773_01187
919b667b8af456e5,2021.07.09.20.59.12_veh-38_00773_01187
d65b370b62e95589,2021.07.09.20.59.12_veh-38_00773_01187
dd2de8c956745cf5,2021.07.16.00.24.14_veh-38_00094_00346
fb0e7595f2065478,2021.07.16.00.24.14_veh-38_00094_00346
2263dd9e97dd52e9,2021.07.16.01.22.41_veh-14_02003_02615
34f5e964922e5d99,2021.07.16.01.22.41_veh-14_02003_02615
3c4ba012308758b2,2021.07.16.01.22.41_veh-14_02003_02615
408cfe1adb045f5a,2021.07.16.01.22.41_veh-14_02003_02615
442579d559665cac,2021.07.16.01.22.41_veh-14_02003_02615
455639d722cf5ee9,2021.07.16.01.22.41_veh-14_02003_02615
4823fe6f84f95ec1,2021.07.16.01.22.41_veh-14_02003_02615
8de05b510da3578d,2021.07.16.01.22.41_veh-14_02003_02615
9a51a853c083527b,2021.07.16.01.22.41_veh-14_02003_02615
d7109731e6175478,2021.07.16.01.22.41_veh-14_02003_02615
d89aec432bfe59b7,2021.07.16.01.22.41_veh-14_02003_02615
f08de6d00fb85b0c,2021.07.16.01.22.41_veh-14_02003_02615
1a3a24242c515624,2021.07.16.01.22.41_veh-14_02626_04289
2c72acd715fc5cff,2021.07.16.01.22.41_veh-14_02626_04289
35d3203ff4425b17,2021.07.16.01.22.41_veh-14_02626_04289
5240b6e3f2bf5014,2021.07.16.01.22.41_veh-14_02626_04289
64337bbdd57f5aff,2021.07.16.01.22.41_veh-14_02626_04289
65dbd93dd5745d43,2021.07.16.01.22.41_veh-14_02626_04289
6b9088ce670d5443,2021.07.16.01.22.41_veh-14_02626_04289
8f6ccdd298b450ac,2021.07.16.01.22.41_veh-14_02626_04289
b49ea2d4803050c3,2021.07.16.01.22.41_veh-14_02626_04289
c77d0b0b258159c1,2021.07.16.01.22.41_veh-14_02626_04289
dda8d59b0caf51d1,2021.07.16.01.22.41_veh-14_02626_04289
df6fcf7b173353f2,2021.07.16.01.22.41_veh-14_02626_04289
0121800878e85388,2021.07.16.21.17.55_veh-26_00872_00937
1e716c10ad3f55fe,2021.07.16.21.17.55_veh-26_00872_00937
2fee981c4c5d598c,2021.07.16.21.17.55_veh-26_00872_00937
3c09dc5e176154de,2021.07.16.21.17.55_veh-26_00872_00937
6b0baa67acfb5859,2021.07.16.21.17.55_veh-26_00872_00937
85992690271e5f8e,2021.07.16.21.17.55_veh-26_00872_00937
a188b28aaa4d5da5,2021.07.16.21.17.55_veh-26_00872_00937
c93eb2ba027153e7,2021.07.16.21.17.55_veh-26_00872_00937
d115c8f4ad30526a,2021.07.16.21.17.55_veh-26_00872_00937
06cd4fb42b4e5d1a,2021.07.16.21.17.55_veh-26_03860_03930
13d6eb621faf5a04,2021.07.16.21.17.55_veh-26_03860_03930
347c0e3ab9795da3,2021.07.16.21.17.55_veh-26_03860_03930
353e8466f1dd5439,2021.07.16.21.17.55_veh-26_03860_03930
3ef6b01045415eca,2021.07.16.21.17.55_veh-26_03860_03930
516e2899af6f50ba,2021.07.16.21.17.55_veh-26_03860_03930
8407863196765d1e,2021.07.16.21.17.55_veh-26_03860_03930
cbd9e4b223055655,2021.07.16.21.17.55_veh-26_03860_03930
fb5cbb34041c57f3,2021.07.16.21.17.55_veh-26_03860_03930
1e8dda9172775774,2021.08.17.13.15.12_veh-45_01517_01668
55ce26a71e215f53,2021.08.17.13.15.12_veh-45_01517_01668
5bd50958031d5118,2021.08.17.13.15.12_veh-45_01517_01668
75bfc3d1b7375211,2021.08.17.13.15.12_veh-45_01517_01668
875e8d94aa76541f,2021.08.17.13.15.12_veh-45_01517_01668
bc87528135185d73,2021.08.17.13.15.12_veh-45_01517_01668
bf78cfa6c76f545d,2021.08.17.13.15.12_veh-45_01517_01668
cd6c48820a075c5b,2021.08.17.13.15.12_veh-45_01517_01668
d394ec38884c515f,2021.08.17.13.15.12_veh-45_01517_01668
dafd8b5a5a7552f7,2021.08.17.13.15.12_veh-45_01517_01668
e48f01ee046a5dce,2021.08.17.13.15.12_veh-45_01517_01668
f969f6bb5d19546c,2021.08.17.13.15.12_veh-45_01517_01668
52dd4304ba835a77,2021.08.17.16.48.45_veh-43_00936_01035
6003d9f8c3ad5f26,2021.08.17.16.48.45_veh-43_00936_01035
7bf14d2db19a55fd,2021.08.17.16.48.45_veh-43_00936_01035
82578a1ecf265951,2021.08.17.16.48.45_veh-43_00936_01035
8e27350e51315880,2021.08.17.16.48.45_veh-43_00936_01035
9f53536e02df5ec0,2021.08.17.16.48.45_veh-43_00936_01035
cce556730c5d53f7,2021.08.17.16.48.45_veh-43_00936_01035
179e3693bfb55f2a,2021.08.17.18.13.38_veh-45_00946_01854
4f87b426f54851a1,2021.08.17.18.13.38_veh-45_00946_01854
5cfb4e2887b85b75,2021.08.17.18.13.38_veh-45_00946_01854
67c3d985349c55df,2021.08.17.18.13.38_veh-45_00946_01854
6a8225f2b0b357b1,2021.08.17.18.13.38_veh-45_00946_01854
78c2de3f3f415ed0,2021.08.17.18.13.38_veh-45_00946_01854
90c7b54bf99f5acb,2021.08.17.18.13.38_veh-45_00946_01854
af070e29e3ae59fc,2021.08.17.18.13.38_veh-45_00946_01854
bdaaee111e625e55,2021.08.17.18.13.38_veh-45_00946_01854
d61d94aab2d257a9,2021.08.17.18.13.38_veh-45_00946_01854
dc6da51a24cd541d,2021.08.17.18.13.38_veh-45_00946_01854
f1545fa4a88b550b,2021.08.17.18.13.38_veh-45_00946_01854
00e1286c9a0f58a6,2021.08.17.18.44.32_veh-08_00586_00848
1313e1b0973055b2,2021.08.17.18.44.32_veh-08_00586_00848
139e253c25585c34,2021.08.17.18.44.32_veh-08_00586_00848
20e9e0dc0f005bfd,2021.08.17.18.44.32_veh-08_00586_00848
46040a2287d35735,2021.08.17.18.44.32_veh-08_00586_00848
5a4c9f5439085e51,2021.08.17.18.44.32_veh-08_00586_00848
600e6e7fd1095a56,2021.08.17.18.44.32_veh-08_00586_00848
9601abd635e75708,2021.08.17.18.44.32_veh-08_00586_00848
a7638c75e7cd5abb,2021.08.17.18.44.32_veh-08_00586_00848
b6c9e1c1d2505f79,2021.08.17.18.44.32_veh-08_00586_00848
ba0a74e4cbb95194,2021.08.17.18.44.32_veh-08_00586_00848
d268920594e85975,2021.08.17.18.44.32_veh-08_00586_00848
3938e1030c885519,2021.08.17.18.54.02_veh-45_00665_01065
3bc6e874f04f5234,2021.08.17.18.54.02_veh-45_00665_01065
3cef7c3515a858e3,2021.08.17.18.54.02_veh-45_00665_01065
55df4a9975f8501e,2021.08.17.18.54.02_veh-45_00665_01065
5a6f3865f0d65106,2021.08.17.18.54.02_veh-45_00665_01065
62d977200b36547f,2021.08.17.18.54.02_veh-45_00665_01065
6fda6bb8b1855c5d,2021.08.17.18.54.02_veh-45_00665_01065
9e01954c739b5708,2021.08.17.18.54.02_veh-45_00665_01065
a0625d387bd25843,2021.08.17.18.54.02_veh-45_00665_01065
b31c8270e14c57da,2021.08.17.18.54.02_veh-45_00665_01065
b53a47bbbdb15a36,2021.08.17.18.54.02_veh-45_00665_01065
db8917e8d8025803,2021.08.17.18.54.02_veh-45_00665_01065
19917b277db45c8d,2021.08.17.18.54.02_veh-45_01103_01238
4100cb07fc445d4e,2021.08.17.18.54.02_veh-45_01103_01238
5de82d5b12d155cb,2021.08.17.18.54.02_veh-45_01103_01238
60f1acef055d54b8,2021.08.17.18.54.02_veh-45_01103_01238
8e347061aaad5dc0,2021.08.17.18.54.02_veh-45_01103_01238
9b6e7d1e2e5a50de,2021.08.17.18.54.02_veh-45_01103_01238
bdd50646e87d5879,2021.08.17.18.54.02_veh-45_01103_01238
d07e9342186d5c51,2021.08.17.18.54.02_veh-45_01103_01238
e3c956a8e45b5cd3,2021.08.17.18.54.02_veh-45_01103_01238
ee987711718b54a3,2021.08.17.18.54.02_veh-45_01103_01238
f60ea75ac93158a0,2021.08.17.18.54.02_veh-45_01103_01238
09448de5f9315557,2021.08.17.19.18.39_veh-08_00407_00595
120201d519d05c4a,2021.08.17.19.18.39_veh-08_00407_00595
2277aee0e58d5106,2021.08.17.19.18.39_veh-08_00407_00595
2cc1b6ceee5f5e01,2021.08.17.19.18.39_veh-08_00407_00595
59c39792640e5ce8,2021.08.17.19.18.39_veh-08_00407_00595
6896d829b6d258a8,2021.08.17.19.18.39_veh-08_00407_00595
7ab94685aa445785,2021.08.17.19.18.39_veh-08_00407_00595
9e535d2210215488,2021.08.17.19.18.39_veh-08_00407_00595
b940024676bc5b27,2021.08.17.19.18.39_veh-08_00407_00595
c7009bf1a2025be7,2021.08.17.19.18.39_veh-08_00407_00595
e8a49c4ed3825925,2021.08.17.19.18.39_veh-08_00407_00595
effd4dba0beb5cd2,2021.08.17.19.18.39_veh-08_00407_00595
190fb140cc7e56a0,2021.08.24.15.09.18_veh-45_00216_00862
222a4a00ed53540a,2021.08.24.15.09.18_veh-45_00216_00862
29c7f221797a5665,2021.08.24.15.09.18_veh-45_00216_00862
344d4c0730d9533c,2021.08.24.15.09.18_veh-45_00216_00862
3c9f665179cb59b6,2021.08.24.15.09.18_veh-45_00216_00862
5d711f77d42054d6,2021.08.24.15.09.18_veh-45_00216_00862
715e42df3a55535e,2021.08.24.15.09.18_veh-45_00216_00862
8aa660d436515f5d,2021.08.24.15.09.18_veh-45_00216_00862
98c71e8e15a65ff9,2021.08.24.15.09.18_veh-45_00216_00862
bb9890a54fe45b1c,2021.08.24.15.09.18_veh-45_00216_00862
cab85111ac505a35,2021.08.24.15.09.18_veh-45_00216_00862
f590d995ff34557f,2021.08.24.15.09.18_veh-45_00216_00862
4bc2599dcf4f5cfa,2021.08.24.17.34.27_veh-45_01478_01553
7a7cbddebd425729,2021.08.24.17.34.27_veh-45_01478_01553
818a3e45e6545e70,2021.08.24.17.34.27_veh-45_01478_01553
a36d7d6f401756f9,2021.08.24.17.34.27_veh-45_01478_01553
b1b4a0d8bc3d5905,2021.08.24.17.34.27_veh-45_01478_01553
b25bde4ed9545d13,2021.08.24.17.34.27_veh-45_01478_01553
c46c3d5a0c5b521f,2021.08.24.17.34.27_veh-45_01478_01553
ca956410f2ea5463,2021.08.24.17.34.27_veh-45_01478_01553
db85a4f631f855e7,2021.08.24.17.34.27_veh-45_01478_01553
e198e9fc44ea59c1,2021.08.24.17.34.27_veh-45_01478_01553
f77e6092fae75850,2021.08.24.17.34.27_veh-45_01478_01553
fa38485f6c9754ad,2021.08.24.17.34.27_veh-45_01478_01553
336f384531dc5add,2021.08.31.11.47.30_veh-40_01362_01737
5c78df56c4fa511e,2021.08.31.11.47.30_veh-40_01362_01737
738c5da7a06d554c,2021.08.31.11.47.30_veh-40_01362_01737
73f771ee12315f20,2021.08.31.11.47.30_veh-40_01362_01737
7bf65c50f15d59d3,2021.08.31.11.47.30_veh-40_01362_01737
999b3720f4315437,2021.08.31.11.47.30_veh-40_01362_01737
9cba71f35cf1547c,2021.08.31.11.47.30_veh-40_01362_01737
9f9bbaf95e055a2a,2021.08.31.11.47.30_veh-40_01362_01737
d3d228abf0d55ce1,2021.08.31.11.47.30_veh-40_01362_01737
e016c212b4805948,2021.08.31.11.47.30_veh-40_01362_01737
e553b872f303564d,2021.08.31.11.47.30_veh-40_01362_01737
f6f3164e688654b4,2021.08.31.11.47.30_veh-40_01362_01737
04966f0e15ca5a95,2021.08.31.14.40.58_veh-40_00285_00456
38a5334e30a25849,2021.08.31.14.40.58_veh-40_00285_00456
5151eaf61bc35ff4,2021.08.31.14.40.58_veh-40_00285_00456
72b2f93b877f5c7c,2021.08.31.14.40.58_veh-40_00285_00456
7aa53c0f3680508c,2021.08.31.14.40.58_veh-40_00285_00456
7b70d213defb5639,2021.08.31.14.40.58_veh-40_00285_00456
b7c375395d165da9,2021.08.31.14.40.58_veh-40_00285_00456
c6bc6b9107a05fef,2021.08.31.14.40.58_veh-40_00285_00456
d092a6c8f4825e18,2021.08.31.14.40.58_veh-40_00285_00456
da3e703f09b358ec,2021.08.31.14.40.58_veh-40_00285_00456
e13bdd696c7855e8,2021.08.31.14.40.58_veh-40_00285_00456
e57f7b7b91aa56e3,2021.08.31.14.40.58_veh-40_00285_00456
618254df34df5b06,2021.08.31.14.40.58_veh-40_01022_01255
70120c2687055adc,2021.08.31.14.40.58_veh-40_01022_01255
8e8869ba4283537f,2021.08.31.14.40.58_veh-40_01022_01255
a1209109471b56a6,2021.08.31.14.40.58_veh-40_01022_01255
a75bb3d3c957530b,2021.08.31.14.40.58_veh-40_01022_01255
ae06e083095d5fc4,2021.08.31.14.40.58_veh-40_01022_01255
bb655b8926d25bb6,2021.08.31.14.40.58_veh-40_01022_01255
be7c98f7f43a5289,2021.08.31.14.40.58_veh-40_01022_01255
c4f376c7031b54e8,2021.08.31.14.40.58_veh-40_01022_01255
c78b963a8cb55c93,2021.08.31.14.40.58_veh-40_01022_01255
dd99e190ef1358d5,2021.08.31.14.40.58_veh-40_01022_01255
fef45c17dc015599,2021.08.31.14.40.58_veh-40_01022_01255
0e6b3ae2cbc05163,2021.08.31.16.37.21_veh-40_00016_00099
7fbb8a1827b9507b,2021.08.31.16.37.21_veh-40_00016_00099
8a57f3ea46d6579e,2021.08.31.16.37.21_veh-40_00016_00099
9bf52c7e0a985266,2021.08.31.16.37.21_veh-40_00016_00099
c08ec68d0ece51ba,2021.08.31.16.37.21_veh-40_00016_00099
cb8c5c91b94d59d5,2021.08.31.16.37.21_veh-40_00016_00099
050818422e2d5e90,2021.08.31.16.37.21_veh-40_00798_00955
080a0d8696ab555c,2021.08.31.16.37.21_veh-40_00798_00955
193386557ea3566d,2021.08.31.16.37.21_veh-40_00798_00955
6a0987136b015812,2021.08.31.16.37.21_veh-40_00798_00955
87fec52887395496,2021.08.31.16.37.21_veh-40_00798_00955
8b0dd1b449a558c4,2021.08.31.16.37.21_veh-40_00798_00955
9a8896aef4c354e8,2021.08.31.16.37.21_veh-40_00798_00955
a33b94dbf2715b11,2021.08.31.16.37.21_veh-40_00798_00955
a7089dc094a05d08,2021.08.31.16.37.21_veh-40_00798_00955
b0ebc0378ed558c4,2021.08.31.16.37.21_veh-40_00798_00955
b846cb1b8ad55a5d,2021.08.31.16.37.21_veh-40_00798_00955
dee632f1bbf25ec7,2021.08.31.16.37.21_veh-40_00798_00955
3afe094c15215576,2021.08.31.17.42.52_veh-40_01033_01313
4383cf15ceaa5f77,2021.08.31.17.42.52_veh-40_01033_01313
4b9cca15ade75f71,2021.08.31.17.42.52_veh-40_01033_01313
5270ca67b5a458a2,2021.08.31.17.42.52_veh-40_01033_01313
589198c9fc195e6e,2021.08.31.17.42.52_veh-40_01033_01313
5fa63dcfd9365d19,2021.08.31.17.42.52_veh-40_01033_01313
6844ae5904775155,2021.08.31.17.42.52_veh-40_01033_01313
7f5d1c2680bf5c52,2021.08.31.17.42.52_veh-40_01033_01313
c45d0f60b46b59a1,2021.08.31.17.42.52_veh-40_01033_01313
d5811f793eb45a1d,2021.08.31.17.42.52_veh-40_01033_01313
deb51e4451345346,2021.08.31.17.42.52_veh-40_01033_01313
efd012aa53995d9b,2021.08.31.17.42.52_veh-40_01033_01313
047d6000dba4572b,2021.09.14.18.43.41_veh-45_01245_01529
146f6746fbce5440,2021.09.14.18.43.41_veh-45_01245_01529
18faa273748c5e5e,2021.09.14.18.43.41_veh-45_01245_01529
1c8c8ddd889f5b0a,2021.09.14.18.43.41_veh-45_01245_01529
1cfd788d19eb534d,2021.09.14.18.43.41_veh-45_01245_01529
53f1a295f33d5560,2021.09.14.18.43.41_veh-45_01245_01529
7612930ac0615d50,2021.09.14.18.43.41_veh-45_01245_01529
89269138b9205da5,2021.09.14.18.43.41_veh-45_01245_01529
9c7944422a8552d3,2021.09.14.18.43.41_veh-45_01245_01529
c3c7346a0152591e,2021.09.14.18.43.41_veh-45_01245_01529
c62eb981570d5283,2021.09.14.18.43.41_veh-45_01245_01529
ecfdcdeb5d3e5649,2021.09.14.18.43.41_veh-45_01245_01529
1c653f54568457e6,2021.09.14.20.42.30_veh-45_01097_01242
4afef5c886315cff,2021.09.14.20.42.30_veh-45_01097_01242
bbc2b643550a5236,2021.09.14.20.42.30_veh-45_01097_01242
c83857c09cc554f5,2021.09.14.20.42.30_veh-45_01097_01242
01c851ebee9f593f,2021.09.15.11.49.23_veh-28_00520_00669
237e7ec3dd0755e2,2021.09.15.11.49.23_veh-28_00520_00669
62f05eb062a2519c,2021.09.15.11.49.23_veh-28_00520_00669
6c10b69d764f56ec,2021.09.15.11.49.23_veh-28_00520_00669
707288e84db25aee,2021.09.15.11.49.23_veh-28_00520_00669
74378f1d8a535ff4,2021.09.15.11.49.23_veh-28_00520_00669
82907dc28c9e5caf,2021.09.15.11.49.23_veh-28_00520_00669
8cb0736eae1b566f,2021.09.15.11.49.23_veh-28_00520_00669
bdc6acc8ee885171,2021.09.15.11.49.23_veh-28_00520_00669
db031da309715695,2021.09.15.11.49.23_veh-28_00520_00669
e7f1126d1d855b3e,2021.09.15.11.49.23_veh-28_00520_00669
fd20b65b48285d1d,2021.09.15.11.49.23_veh-28_00520_00669
104b38f31f8f59b0,2021.09.15.11.49.23_veh-28_00767_00955
46ff514e4cf35790,2021.09.15.11.49.23_veh-28_00767_00955
554ce05048ce5833,2021.09.15.11.49.23_veh-28_00767_00955
783a419e74fa5274,2021.09.15.11.49.23_veh-28_00767_00955
8af35419c38356e8,2021.09.15.11.49.23_veh-28_00767_00955
8fda483ceda0516f,2021.09.15.11.49.23_veh-28_00767_00955
90c2251acbff5990,2021.09.15.11.49.23_veh-28_00767_00955
9b55d3ad1d235493,2021.09.15.11.49.23_veh-28_00767_00955
a06d917f908d5ba2,2021.09.15.11.49.23_veh-28_00767_00955
be2d7b81099c53dc,2021.09.15.11.49.23_veh-28_00767_00955
f63ce634ee0d554d,2021.09.15.11.49.23_veh-28_00767_00955
1c1909303d1e5026,2021.09.15.12.32.43_veh-28_00973_01056
1d22a9b3e3b05338,2021.09.15.12.32.43_veh-28_00973_01056
211bc431d24c574e,2021.09.15.12.32.43_veh-28_00973_01056
2153bda9c7ac5569,2021.09.15.12.32.43_veh-28_00973_01056
290cae625b0b5642,2021.09.15.12.32.43_veh-28_00973_01056
4f25f19f13125fc2,2021.09.15.12.32.43_veh-28_00973_01056
55d318d4248e5a02,2021.09.15.12.32.43_veh-28_00973_01056
6693c8efb4a85e96,2021.09.15.12.32.43_veh-28_00973_01056
8c58fbec07095e53,2021.09.15.12.32.43_veh-28_00973_01056
c2092ef7e70e5e56,2021.09.15.12.32.43_veh-28_00973_01056
f9f9a7d197a7562f,2021.09.15.12.32.43_veh-28_00973_01056
0e3df9fc94ca5ca3,2021.09.15.12.32.43_veh-28_01410_01501
56c748a9769e5b82,2021.09.15.12.32.43_veh-28_01410_01501
6303057bf601549c,2021.09.15.12.32.43_veh-28_01410_01501
720e93c480925b94,2021.09.15.12.32.43_veh-28_01410_01501
8772d24df3bb5351,2021.09.15.12.32.43_veh-28_01410_01501
96496ffcba9f5ff3,2021.09.15.12.32.43_veh-28_01410_01501
c33f3fb3a2e75620,2021.09.15.12.32.43_veh-28_01410_01501
c433c243318f528a,2021.09.15.12.32.43_veh-28_01410_01501
ddae020a0716546b,2021.09.15.12.32.43_veh-28_01410_01501
df2dd2fd1ce65f45,2021.09.15.12.32.43_veh-28_01410_01501
e4b2231521f55606,2021.09.15.12.32.43_veh-28_01410_01501
eb348630121f52e5,2021.09.15.12.32.43_veh-28_01410_01501
644a703cff865e59,2021.09.15.13.16.40_veh-28_00088_00157
8caca31e4dc357be,2021.09.15.13.16.40_veh-28_00088_00157
b748318a9f7b571c,2021.09.15.13.16.40_veh-28_00088_00157
ffd03719816d5596,2021.09.15.13.16.40_veh-28_00088_00157
22a57bb203035e02,2021.09.15.13.16.40_veh-28_02072_02166
47baf0b337215d9f,2021.09.15.13.16.40_veh-28_02072_02166
7500fbbd13505bd2,2021.09.15.13.16.40_veh-28_02072_02166
79ca1e0bfe205ced,2021.09.15.13.16.40_veh-28_02072_02166
a2c0cd377fce5a9c,2021.09.15.13.16.40_veh-28_02072_02166
e9b3654f7d3053ad,2021.09.15.13.16.40_veh-28_02072_02166
fd019d8a56485464,2021.09.15.13.16.40_veh-28_02072_02166
0bc8288f63c0530e,2021.09.15.13.16.40_veh-28_02198_02321
1ab5db1ff9d25a06,2021.09.15.13.16.40_veh-28_02198_02321
3aaff8b170615db4,2021.09.15.13.16.40_veh-28_02198_02321
b69132fec07253c3,2021.09.15.13.16.40_veh-28_02198_02321
f1dc663089265013,2021.09.15.13.16.40_veh-28_02198_02321
2e3bcca11f375f77,2021.09.15.14.50.05_veh-28_00182_00253
54771a0f8f8e5071,2021.09.15.14.50.05_veh-28_00182_00253
aab60d2f41ed5081,2021.09.15.14.50.05_veh-28_00182_00253
c25e04e89c375f2c,2021.09.15.14.50.05_veh-28_00182_00253
e74638423e43560b,2021.09.15.14.50.05_veh-28_00182_00253
14982f46dd7b580e,2021.09.15.15.34.53_veh-28_01639_01805
20d7d79a7bfb5d35,2021.09.15.15.34.53_veh-28_01639_01805
5d80824ac9015e90,2021.09.15.15.34.53_veh-28_01639_01805
997c84bc119d5669,2021.09.15.15.34.53_veh-28_01639_01805
9c1eb2e1c0d85f1b,2021.09.15.15.34.53_veh-28_01639_01805
a91d317a373350ec,2021.09.15.15.34.53_veh-28_01639_01805
aa28807b26d95c53,2021.09.15.15.34.53_veh-28_01639_01805
aea38d6094d45e95,2021.09.15.15.34.53_veh-28_01639_01805
c88297d2d9b15787,2021.09.15.15.34.53_veh-28_01639_01805
cfb82cf89bb95c41,2021.09.15.15.34.53_veh-28_01639_01805
eafc6939de7c5c74,2021.09.15.15.34.53_veh-28_01639_01805
f4ec329c9d8c579f,2021.09.15.15.34.53_veh-28_01639_01805
00fcab11ff635f3e,2021.09.15.16.51.15_veh-28_01698_01775
54d24265a04659e2,2021.09.15.16.51.15_veh-28_01698_01775
65007ecc0d6b582c,2021.09.15.16.51.15_veh-28_01698_01775
8b55488ce07c57b7,2021.09.15.16.51.15_veh-28_01698_01775
8c202e4e83745f85,2021.09.15.16.51.15_veh-28_01698_01775
20eef2c25a9556c6,2021.10.01.13.28.54_veh-28_00094_00181
36b290b21a4e5737,2021.10.01.13.28.54_veh-28_00094_00181
f7bbc25c74e25d16,2021.10.01.13.28.54_veh-28_00094_00181
fb6bf8ff6ae758be,2021.10.01.13.28.54_veh-28_00094_00181
2d834f6a168954a5,2021.10.01.13.28.54_veh-28_01767_01883
3379cc119af559cc,2021.10.01.13.28.54_veh-28_01767_01883
3b6dcba91a535502,2021.10.01.13.28.54_veh-28_01767_01883
3d59f36d91195610,2021.10.01.13.28.54_veh-28_01767_01883
419cc02586ca563c,2021.10.01.13.28.54_veh-28_01767_01883
60706e0630b25c82,2021.10.01.13.28.54_veh-28_01767_01883
867a6ffa7b8556c9,2021.10.01.13.28.54_veh-28_01767_01883
9d116d9322ab5bda,2021.10.01.13.28.54_veh-28_01767_01883
a0a39ad571695f96,2021.10.01.13.28.54_veh-28_01767_01883
d2cccf76816c5c12,2021.10.01.13.28.54_veh-28_01767_01883
f023e3c787f85d78,2021.10.01.13.28.54_veh-28_01767_01883
faef82e821da5e92,2021.10.01.13.28.54_veh-28_01767_01883
6b236ca1a9a45f83,2021.10.01.18.26.05_veh-28_00949_01041
a685d4f1ae8a5480,2021.10.01.18.26.05_veh-28_00949_01041
c5ea5845416f5b24,2021.10.01.18.26.05_veh-28_00949_01041
cb4b2813811755ad,2021.10.01.18.26.05_veh-28_00949_01041
e577aaa04d835985,2021.10.01.18.26.05_veh-28_00949_01041
03913194bd9a502e,2021.10.01.19.16.42_veh-28_02447_02517
5c92682399535bec,2021.10.01.19.16.42_veh-28_02447_02517
65ee972e74205cc1,2021.10.01.19.16.42_veh-28_02447_02517
794db3d14c7b5e87,2021.10.01.19.16.42_veh-28_02447_02517
a7f50246259557df,2021.10.01.19.16.42_veh-28_02447_02517
aad1534fea4154d0,2021.10.01.19.16.42_veh-28_02447_02517
ad399c2739cc5c42,2021.10.01.19.16.42_veh-28_02447_02517
aeab233726fb55f1,2021.10.01.19.16.42_veh-28_02447_02517
d93ed73de3b55d60,2021.10.01.19.16.42_veh-28_02447_02517
ebcc8318b0775be0,2021.10.01.19.16.42_veh-28_02447_02517
08294532630e54f1,2021.10.05.04.03.05_veh-50_00058_00321
0bdbbfb486875ad6,2021.10.05.04.03.05_veh-50_00058_00321
1fc11febeba25487,2021.10.05.04.03.05_veh-50_00058_00321
36968d167e675dcb,2021.10.05.04.03.05_veh-50_00058_00321
4b5e7071e6dc5b10,2021.10.05.04.03.05_veh-50_00058_00321
58973bf0f70558b4,2021.10.05.04.03.05_veh-50_00058_00321
6f088ff74d385a54,2021.10.05.04.03.05_veh-50_00058_00321
a418015926405f2a,2021.10.05.04.03.05_veh-50_00058_00321
c945a9370501593e,2021.10.05.04.03.05_veh-50_00058_00321
cc3d8bf2a6555e15,2021.10.05.04.03.05_veh-50_00058_00321
d5810c4f63475a88,2021.10.05.04.03.05_veh-50_00058_00321
f3846b5fcca55ae3,2021.10.05.04.03.05_veh-50_00058_00321
0c153a10362c5ab6,2021.10.05.04.03.05_veh-50_01003_01426
1a7b3ebb343256f1,2021.10.05.04.03.05_veh-50_01003_01426
2145d1475ea95029,2021.10.05.04.03.05_veh-50_01003_01426
21ee2759076858a8,2021.10.05.04.03.05_veh-50_01003_01426
4dccaaf554305111,2021.10.05.04.03.05_veh-50_01003_01426
6e9ae261913e5c8f,2021.10.05.04.03.05_veh-50_01003_01426
7273b37f305f5ab8,2021.10.05.04.03.05_veh-50_01003_01426
783ca98d85dd564a,2021.10.05.04.03.05_veh-50_01003_01426
a97a5068654e5470,2021.10.05.04.03.05_veh-50_01003_01426
b687d5af0d155ddf,2021.10.05.04.03.05_veh-50_01003_01426
d0a1e7e37b7f545e,2021.10.05.04.03.05_veh-50_01003_01426
d8785b095bbb516e,2021.10.05.04.03.05_veh-50_01003_01426
2a7ba391d8a75ac4,2021.10.05.06.31.40_veh-52_00005_00342
2e8e3e879d84578c,2021.10.05.06.31.40_veh-52_00005_00342
32254b4326f0571f,2021.10.05.06.31.40_veh-52_00005_00342
4b98dce2997a516b,2021.10.05.06.31.40_veh-52_00005_00342
6516ef453f195023,2021.10.05.06.31.40_veh-52_00005_00342
6b4a266358315f4f,2021.10.05.06.31.40_veh-52_00005_00342
9783735b29ed50fc,2021.10.05.06.31.40_veh-52_00005_00342
98c18d1847cb5e62,2021.10.05.06.31.40_veh-52_00005_00342
a476f216901357f6,2021.10.05.06.31.40_veh-52_00005_00342
dc9165012aee5319,2021.10.05.06.31.40_veh-52_00005_00342
fbd0f7ff133b5ef4,2021.10.05.06.31.40_veh-52_00005_00342
fe2291dc4fa55b01,2021.10.05.06.31.40_veh-52_00005_00342
072e8ec736965390,2021.10.05.07.10.04_veh-52_00418_00563
3f526a6123c157e4,2021.10.05.07.10.04_veh-52_00418_00563
5bf5a747e5d35c20,2021.10.05.07.10.04_veh-52_00418_00563
6e5419b904965c39,2021.10.05.07.10.04_veh-52_00418_00563
8c6d198bc4785b16,2021.10.05.07.10.04_veh-52_00418_00563
91366900f0225585,2021.10.05.07.10.04_veh-52_00418_00563
b34591e9a27b5e08,2021.10.05.07.10.04_veh-52_00418_00563
b74e31c3cd1f5980,2021.10.05.07.10.04_veh-52_00418_00563
c4ac2d2c2c525579,2021.10.05.07.10.04_veh-52_00418_00563
ddc47c13ed7c54a8,2021.10.05.07.10.04_veh-52_00418_00563
ea7daded33255213,2021.10.05.07.10.04_veh-52_00418_00563
eb2e311dd98552dd,2021.10.05.07.10.04_veh-52_00418_00563
14a2764fcad4576d,2021.10.05.08.11.15_veh-50_00710_00903
19a302db68435663,2021.10.05.08.11.15_veh-50_00710_00903
3fe983612fe15fa2,2021.10.05.08.11.15_veh-50_00710_00903
4c58f7d8218251d0,2021.10.05.08.11.15_veh-50_00710_00903
668c327336ee53c5,2021.10.05.08.11.15_veh-50_00710_00903
78e7a6d03e5b50e2,2021.10.05.08.11.15_veh-50_00710_00903
88f9b4f87b6b5bd5,2021.10.05.08.11.15_veh-50_00710_00903
9974e6d3a0ac59b1,2021.10.05.08.11.15_veh-50_00710_00903
9d14a4155d4f5bc3,2021.10.05.08.11.15_veh-50_00710_00903
a11f06fe9d3f5d6d,2021.10.05.08.11.15_veh-50_00710_00903
e00b89b79fb35570,2021.10.05.08.11.15_veh-50_00710_00903
ed936e84232a5da6,2021.10.05.08.11.15_veh-50_00710_00903
0ed0de60c7665cde,2021.10.05.08.11.15_veh-50_01222_01462
2d03f16d09c55be8,2021.10.05.08.11.15_veh-50_01222_01462
65740967736651b2,2021.10.05.08.11.15_veh-50_01222_01462
6e70010c52485289,2021.10.05.08.11.15_veh-50_01222_01462
763834c6e3fb5adf,2021.10.05.08.11.15_veh-50_01222_01462
b85ae00877c5558d,2021.10.05.08.11.15_veh-50_01222_01462
bdb26d10bcee5036,2021.10.05.08.11.15_veh-50_01222_01462
c0fce678926f5804,2021.10.05.08.11.15_veh-50_01222_01462
cb05dbd9e8e75f4b,2021.10.05.08.11.15_veh-50_01222_01462
df03a3166d0b50e2,2021.10.05.08.11.15_veh-50_01222_01462
ee0e6fadedd65b9c,2021.10.05.08.11.15_veh-50_01222_01462
fb4471accbe85e98,2021.10.05.08.11.15_veh-50_01222_01462
1acf0f1c237c58a5,2021.10.06.17.08.46_veh-28_00016_00116
2816505dbf9d5a49,2021.10.06.17.08.46_veh-28_00016_00116
4c3e473514ac525e,2021.10.06.17.08.46_veh-28_00016_00116
779b376991045e7b,2021.10.06.17.08.46_veh-28_00016_00116
7c5715a3917b5d44,2021.10.06.17.08.46_veh-28_00016_00116
863ba4a60bf759e1,2021.10.06.17.08.46_veh-28_00016_00116
e98684e08310566a,2021.10.06.17.08.46_veh-28_00016_00116
ff5d92de04a153d2,2021.10.06.17.08.46_veh-28_00016_00116
90319447c2925166,2021.10.06.18.52.07_veh-28_00592_00655
90f8ae7a617351b8,2021.10.06.18.52.07_veh-28_00592_00655
c4ce49ace9bb506e,2021.10.06.18.52.07_veh-28_00592_00655
55dfc96cfa785699,2021.10.06.18.52.07_veh-28_01474_01908
56048ed3e6465615,2021.10.06.18.52.07_veh-28_01474_01908
5bb05d911b425933,2021.10.06.18.52.07_veh-28_01474_01908
7c02adbf44c75bde,2021.10.06.18.52.07_veh-28_01474_01908
9e94118735605ad2,2021.10.06.18.52.07_veh-28_01474_01908
a2aade24d8e754c8,2021.10.06.18.52.07_veh-28_01474_01908
a7019a574df05e09,2021.10.06.18.52.07_veh-28_01474_01908
aaed7e1067455de7,2021.10.06.18.52.07_veh-28_01474_01908
b7b311cb6f0d57a0,2021.10.06.18.52.07_veh-28_01474_01908
c4b0f2d651595d9c,2021.10.06.18.52.07_veh-28_01474_01908
ce1e97b9c8bf5faa,2021.10.06.18.52.07_veh-28_01474_01908
de82cb89ff5f53bd,2021.10.06.18.52.07_veh-28_01474_01908
16ae792c81305f59,2021.10.11.02.57.41_veh-50_02318_02417
31127de9bb1051bc,2021.10.11.02.57.41_veh-50_02318_02417
4ad4a351efa55db6,2021.10.11.02.57.41_veh-50_02318_02417
5a86c63c39e15333,2021.10.11.02.57.41_veh-50_02318_02417
6613d2776e325288,2021.10.11.02.57.41_veh-50_02318_02417
9f22b494645d56cf,2021.10.11.02.57.41_veh-50_02318_02417
c29cc84737c450e8,2021.10.11.02.57.41_veh-50_02318_02417
c7e755b7a4385280,2021.10.11.02.57.41_veh-50_02318_02417
d0c8b08c8819554f,2021.10.11.02.57.41_veh-50_02318_02417
e1a4277694d55b1c,2021.10.11.02.57.41_veh-50_02318_02417
e677f553f74d5ead,2021.10.11.02.57.41_veh-50_02318_02417
e9084f17efff57ce,2021.10.11.02.57.41_veh-50_02318_02417
